Workbook

Sheet Partner Competency Input
A1: Partner & Person | E1: Platform 1 | I1: Platform 2 | M1: Platform 3 | Q1: Platform 4 | U1: Platform 5 | Y1: Platform 6 | AC1: Platform 7 | AG1: Platform 8 | AK1: Platform 9 | AO1: Platform 10 | AS1: Platform 11 | AW1: Certificates
A2: Partner Name | B2: Person Name | C2: Partner Program Tier | D2: Region | E2: Platform 1 | F2: Present | G2: Demo | H2: POC | I2: Platform 2 | J2: Present | K2: Demo | L2: POC | M2: Platform 3 | N2: Present | O2: Demo | P2: POC | Q2: Platform 4 | R2: Present | S2: Demo | T2: POC | U2: Platform 5 | V2: Present | W2: Demo | X2: POC | Y2: Platform 6 | Z2: Present | AA2: Demo | AB2: POC | AC2: Platform 7 | AD2: Present | AE2: Demo | AF2: POC | AG2: Platform 8 | AH2: Present | AI2: Demo | AJ2: POC | AK2: Platform 9 | AL2: Present | AM2: Demo | AN2: POC | AO2: Platform 10 | AP2: Present | AQ2: Demo | AR2: POC | AS2: Platform 11 | AT2: Present | AU2: Demo | AV2: POC | AW2: PACSE | AX2: SE Expert | AY2: Threat Protection Administrator | AZ2: Threat Protection Analyst | BA2: Data Protection Administrator | BB2: Data Protection Analyst | BC2: SE Champion | BD2: Health Check Certified
A4: Nextgen | B4: Vikesh Ramnath | C4: Elite+ | D4: Australia | E4: Email Gateway | F4: Yes | G4: Yes | H4: No | I4: TAP | J4: Yes | K4: Yes | L4: No | M4: TRAP | N4: Yes | O4: Yes | P4: No | Q4: Isolation | R4: Yes | S4: Yes | T4: No | U4: Zenguide | V4: Yes | W4: Yes | X4: Yes | Y4: ITM | Z4: Yes | AA4: Yes | AB4: No | AC4: Endpoint DLP | AD4: Yes | AE4: Yes | AF4: No | AG4: CASB | AH4: Yes | AI4: Yes | AJ4: No | AK4: Email DLP | AL4: Yes | AM4: Yes | AN4: No | AO4: AEDLP | AP4: Yes | AQ4: Yes | AR4: Yes | AS4: CEPAPI | AT4: Yes | AU4: Yes | AV4: Yes | AW4: Yes | AX4: Yes | AY4: Yes | AZ4: Yes | BA4: No | BB4: No | BC4: Yes | BD4: Yes
A5: Ingram Micro | B5: Wesley Hwang | C5: Elite+ | D5: Australia | E5: Email Gateway | F5: Yes | G5: Yes | H5: No | I5: TAP | J5: Yes | K5: Yes | L5: No | M5: TRAP | N5: Yes | O5: Yes | P5: No | Q5: Isolation | R5: Yes | S5: Yes | T5: No | U5: Zenguide | V5: Yes | W5: Yes | X5: Yes | Y5: ITM | Z5: Yes | AA5: Yes | AB5: No | AC5: Endpoint DLP | AD5: Yes | AE5: Yes | AF5: No | AG5: CASB | AH5: Yes | AI5: Yes | AJ5: No | AK5: Email DLP | AL5: Yes | AM5: Yes | AN5: No | AO5: AEDLP | AP5: Yes | AQ5: Yes | AR5: Yes | AS5: CEPAPI | AT5: Yes | AU5: Yes | AV5: Yes | AW5: Yes | AX5: Yes | AY5: Yes | AZ5: Yes | BA5: No | BB5: No | BC5: Yes | BD5: Yes
A6: Lumen IT | B6: Craig Tamlin | C6: Elite+ | D6: Australia | E6: Email Gateway | F6: Yes | G6: Yes | H6: No | I6: TAP | J6: Yes | K6: Yes | L6: No | M6: TRAP | N6: Yes | O6: Yes | P6: No | Q6: Isolation | R6: Yes | S6: Yes | T6: No | U6: Zenguide | V6: Yes | W6: Yes | X6: Yes | Y6: ITM | Z6: Yes | AA6: Yes | AB6: No | AC6: Endpoint DLP | AD6: Yes | AE6: Yes | AF6: No | AG6: CASB | AH6: Yes | AI6: Yes | AJ6: No | AK6: Email DLP | AL6: Yes | AM6: Yes | AN6: No | AO6: AEDLP | AP6: Yes | AQ6: Yes | AR6: Yes | AS6: CEPAPI | AT6: Yes | AU6: Yes | AV6: Yes | AW6: Yes | AX6: Yes | AY6: No | AZ6: No | BA6: No | BB6: No | BC6: Yes | BD6: Yes
A7: Lumen IT | B7: Andy Tamin | C7: Elite+ | D7: Australia | E7: Email Gateway | F7: Yes | G7: Yes | H7: No | I7: TAP | J7: Yes | K7: Yes | L7: No | M7: TRAP | N7: Yes | O7: Yes | P7: No | Q7: Isolation | R7: Yes | S7: Yes | T7: No | U7: Zenguide | V7: Yes | W7: Yes | X7: Yes | Y7: ITM | Z7: Yes | AA7: Yes | AB7: No | AC7: Endpoint DLP | AD7: Yes | AE7: Yes | AF7: No | AG7: CASB | AH7: Yes | AI7: Yes | AJ7: No | AK7: Email DLP | AL7: Yes | AM7: Yes | AN7: No | AO7: AEDLP | AP7: Yes | AQ7: Yes | AR7: Yes | AS7: CEPAPI | AT7: Yes | AU7: Yes | AV7: Yes | AW7: Yes | AX7: Yes | AY7: No | AZ7: No | BA7: No | BB7: No | BC7: Yes | BD7: Yes
A8: NTT Australia | B8: Ali Shayan | C8: Elite+ | D8: Australia | E8: Email Gateway | F8: Yes | G8: Yes | H8: No | I8: TAP | J8: Yes | K8: Yes | L8: No | M8: TRAP | N8: Yes | O8: Yes | P8: No | Q8: Isolation | R8: Yes | S8: Yes | T8: No | U8: Zenguide | V8: Yes | W8: Yes | X8: Yes | Y8: ITM | Z8: Yes | AA8: Yes | AB8: No | AC8: Endpoint DLP | AD8: Yes | AE8: Yes | AF8: No | AG8: CASB | AH8: Yes | AI8: Yes | AJ8: No | AK8: Email DLP | AL8: Yes | AM8: Yes | AN8: No | AO8: AEDLP | AP8: Yes | AQ8: Yes | AR8: Yes | AS8: CEPAPI | AT8: Yes | AU8: Yes | AV8: Yes | AW8: Yes | AX8: Yes | AY8: No | AZ8: No | BA8: No | BB8: No | BC8: Yes | BD8: Yes
A9: NTT Australia | B9: Diwei Wang | C9: Elite+ | D9: Australia | E9: Email Gateway | F9: Yes | G9: Yes | H9: No | I9: TAP | J9: Yes | K9: Yes | L9: No | M9: TRAP | N9: Yes | O9: Yes | P9: No | Q9: Isolation | R9: Yes | S9: Yes | T9: No | U9: Zenguide | V9: Yes | W9: Yes | X9: Yes | Y9: ITM | Z9: Yes | AA9: Yes | AB9: No | AC9: Endpoint DLP | AD9: Yes | AE9: Yes | AF9: No | AG9: CASB | AH9: Yes | AI9: Yes | AJ9: No | AK9: Email DLP | AL9: Yes | AM9: Yes | AN9: No | AO9: AEDLP | AP9: Yes | AQ9: Yes | AR9: Yes | AS9: CEPAPI | AT9: Yes | AU9: Yes | AV9: Yes | AW9: Yes | AX9: Yes | AY9: No | AZ9: No | BA9: No | BB9: No | BC9: Yes | BD9: Yes
A10: NTT Australia | B10: Frank Murdica | C10: Elite+ | D10: Australia | E10: Email Gateway | F10: Yes | G10: Yes | H10: No | I10: TAP | J10: Yes | K10: Yes | L10: No | M10: TRAP | N10: Yes | O10: Yes | P10: No | Q10: Isolation | R10: Yes | S10: Yes | T10: No | U10: Zenguide | V10: Yes | W10: Yes | X10: Yes | Y10: ITM | Z10: Yes | AA10: Yes | AB10: No | AC10: Endpoint DLP | AD10: Yes | AE10: Yes | AF10: No | AG10: CASB | AH10: Yes | AI10: Yes | AJ10: No | AK10: Email DLP | AL10: Yes | AM10: Yes | AN10: No | AO10: AEDLP | AP10: Yes | AQ10: Yes | AR10: Yes | AS10: CEPAPI | AT10: Yes | AU10: Yes | AV10: Yes | AW10: Yes | AX10: Yes | AY10: No | AZ10: No | BA10: No | BB10: No | BC10: Yes | BD10: Yes
A11: NTT Australia | B11: Suraj Panicker | C11: Elite+ | D11: Australia | E11: Email Gateway | F11: Yes | G11: Yes | H11: No | I11: TAP | J11: Yes | K11: Yes | L11: No | M11: TRAP | N11: Yes | O11: Yes | P11: No | Q11: Isolation | R11: Yes | S11: Yes | T11: No | U11: Zenguide | V11: Yes | W11: Yes | X11: Yes | Y11: ITM | Z11: Yes | AA11: Yes | AB11: No | AC11: Endpoint DLP | AD11: Yes | AE11: Yes | AF11: No | AG11: CASB | AH11: Yes | AI11: Yes | AJ11: No | AK11: Email DLP | AL11: Yes | AM11: Yes | AN11: No | AO11: AEDLP | AP11: Yes | AQ11: Yes | AR11: Yes | AS11: CEPAPI | AT11: Yes | AU11: Yes | AV11: Yes | AW11: Yes | AX11: Yes | AY11: No | AZ11: No | BA11: No | BB11: No | BC11: Yes | BD11: Yes
A12: NTT Australia | B12: Kaushal Patel | C12: Elite+ | D12: Australia | E12: Email Gateway | F12: Yes | G12: Yes | H12: No | I12: TAP | J12: Yes | K12: Yes | L12: No | M12: TRAP | N12: Yes | O12: Yes | P12: No | Q12: Isolation | R12: Yes | S12: Yes | T12: No | U12: Zenguide | V12: Yes | W12: Yes | X12: Yes | Y12: ITM | Z12: Yes | AA12: Yes | AB12: No | AC12: Endpoint DLP | AD12: Yes | AE12: Yes | AF12: No | AG12: CASB | AH12: Yes | AI12: Yes | AJ12: No | AK12: Email DLP | AL12: Yes | AM12: Yes | AN12: No | AO12: AEDLP | AP12: Yes | AQ12: Yes | AR12: Yes | AS12: CEPAPI | AT12: Yes | AU12: Yes | AV12: Yes | AW12: Yes | AX12: Yes | AY12: No | AZ12: No | BA12: No | BB12: No | BC12: Yes | BD12: Yes
A13: NTT Australia | B13: Ronit Pradhan | C13: Elite+ | D13: Australia | E13: Email Gateway | F13: Yes | G13: Yes | H13: No | I13: TAP | J13: Yes | K13: Yes | L13: No | M13: TRAP | N13: Yes | O13: Yes | P13: No | Q13: Isolation | R13: Yes | S13: Yes | T13: No | U13: Zenguide | V13: Yes | W13: Yes | X13: Yes | Y13: ITM | Z13: Yes | AA13: Yes | AB13: No | AC13: Endpoint DLP | AD13: Yes | AE13: Yes | AF13: No | AG13: CASB | AH13: Yes | AI13: Yes | AJ13: No | AK13: Email DLP | AL13: Yes | AM13: Yes | AN13: No | AO13: AEDLP | AP13: Yes | AQ13: Yes | AR13: Yes | AS13: CEPAPI | AT13: Yes | AU13: Yes | AV13: Yes | AW13: Yes | AX13: Yes | AY13: No | AZ13: No | BA13: No | BB13: No | BC13: Yes | BD13: Yes
A14: NTT Australia | B14: Umar Shafqat | C14: Elite+ | D14: Australia | E14: Email Gateway | F14: Yes | G14: Yes | H14: No | I14: TAP | J14: Yes | K14: Yes | L14: No | M14: TRAP | N14: Yes | O14: Yes | P14: No | Q14: Isolation | R14: Yes | S14: Yes | T14: No | U14: Zenguide | V14: Yes | W14: Yes | X14: Yes | Y14: ITM | Z14: Yes | AA14: Yes | AB14: No | AC14: Endpoint DLP | AD14: Yes | AE14: Yes | AF14: No | AG14: CASB | AH14: Yes | AI14: Yes | AJ14: No | AK14: Email DLP | AL14: Yes | AM14: Yes | AN14: No | AO14: AEDLP | AP14: Yes | AQ14: Yes | AR14: Yes | AS14: CEPAPI | AT14: Yes | AU14: Yes | AV14: Yes | AW14: Yes | AX14: Yes | AY14: No | AZ14: No | BA14: No | BB14: No | BC14: Yes | BD14: Yes
... A26: Infotrust | B26: Richard Dobson | C26: Elite+ | D26: Australia | E26: Email Gateway | F26: Yes | G26: Yes | H26: No | I26: TAP | J26: Yes | K26: Yes | L26: No | M26: TRAP | N26: Yes | O26: Yes | P26: No | Q26: Isolation | R26: Yes | S26: Yes | T26: No | U26: Zenguide | V26: Yes | W26: Yes | X26: Yes | Y26: ITM | Z26: Yes | AA26: Yes | AB26: No | AC26: Endpoint DLP | AD26: Yes | AE26: Yes | AF26: No | AG26: CASB | AH26: Yes | AI26: Yes | AJ26: No | AK26: Email DLP | AL26: Yes | AM26: Yes | AN26: No | AO26: AEDLP | AP26: Yes | AQ26: Yes | AR26: Yes | AS26: CEPAPI | AT26: Yes | AU26: Yes | AV26: Yes | AW26: Yes | AX26: Yes | AY26: Yes | AZ26: No | BA26: No | BB26: No | BC26: Yes | BD26: Yes
A27: Cyberintelsys | D27: India | E27: Email Gateway | I27: TAP | M27: TRAP | Q27: Isolation | U27: Zenguide | Y27: ITM | AC27: Endpoint DLP | AG27: CASB | AK27: Email DLP | AO27: AEDLP | AS27: CEPAPI
A28: Hitachi Systems Ind Pvt Ltd | D28: India | E28: Email Gateway | I28: TAP | M28: TRAP | Q28: Isolation | U28: Zenguide | Y28: ITM | AC28: Endpoint DLP | AG28: CASB | AK28: Email DLP | AO28: AEDLP | AS28: CEPAPI
A29: Esecforte | B29: Deep Shankar | D29: India | E29: Email Gateway | F29: Yes | G29: Yes | H29: Yes | I29: TAP | J29: Yes | K29: Yes | L29: Yes | M29: TRAP | N29: Yes | O29: Yes | P29: Yes | Q29: Isolation | R29: Yes | S29: Yes | T29: Yes | U29: Zenguide | V29: Yes | W29: Yes | X29: Yes | Y29: ITM | Z29: Yes | AA29: Yes | AB29: Yes | AC29: Endpoint DLP | AD29: Yes | AE29: Yes | AF29: Yes | AG29: CASB | AH29: Yes | AI29: Yes | AJ29: Yes | AK29: Email DLP | AL29: Yes | AM29: Yes | AN29: Yes | AO29: AEDLP | AS29: CEPAPI | AT29: Yes | AU29: Yes | AV29: Yes | AW29: Yes | AX29: Yes | BC29: Yes | BD29: Yes
A30: Esecforte | B30: Shefali Rajpal | D30: India | E30: Email Gateway | F30: Yes | G30: Yes | H30: Yes | I30: TAP | J30: Yes | K30: Yes | L30: Yes | M30: TRAP | N30: Yes | O30: Yes | P30: Yes | Q30: Isolation | R30: Yes | S30: Yes | T30: Yes | U30: Zenguide | V30: Yes | W30: Yes | X30: No | Y30: ITM | Z30: Yes | AA30: Yes | AB30: Yes | AC30: Endpoint DLP | AD30: Yes | AE30: Yes | AF30: Yes | AG30: CASB | AH30: Yes | AI30: Yes | AJ30: Yes | AK30: Email DLP | AL30: Yes | AM30: Yes | AN30: Yes | AO30: AEDLP | AS30: CEPAPI | AT30: Yes | AU30: Yes | AV30: Yes | AW30: Yes | AX30: Yes | BC30: Yes | BD30: Yes
A31: Esecforte | B31: Dhruv Rawat | D31: India | E31: Email Gateway | F31: Yes | G31: Yes | H31: No | I31: TAP | J31: Yes | K31: No | L31: No | M31: TRAP | N31: Yes | O31: No | P31: No | Q31: Isolation | R31: Yes | S31: No | T31: No | U31: Zenguide | V31: No | W31: No | X31: No | Y31: ITM | Z31: No | AA31: No | AB31: No | AC31: Endpoint DLP | AD31: No | AE31: No | AF31: No | AG31: CASB | AH31: No | AI31: No | AJ31: No | AK31: Email DLP | AL31: No | AM31: No | AN31: No | AO31: AEDLP | AS31: CEPAPI | AT31: Yes | AU31: Yes | AV31: Yes
A32: Esecforte | B32: Siddharth Ram | D32: India | E32: Email Gateway | F32: Yes | G32: No | H32: No | I32: TAP | J32: Yes | K32: No | L32: No | M32: TRAP | N32: Yes | O32: No | P32: No | Q32: Isolation | R32: Yes | S32: No | T32: No | U32: Zenguide | V32: No | W32: No | X32: No | Y32: ITM | Z32: No | AA32: No | AB32: No | AC32: Endpoint DLP | AD32: No | AE32: No | AF32: No | AG32: CASB | AH32: No | AI32: No | AJ32: No | AK32: Email DLP | AL32: No | AM32: No | AN32: No | AO32: AEDLP | AS32: CEPAPI | AT32: Yes | AU32: Yes | AV32: Yes
A33: Cyberpwn | B33: Srinath VS | D33: India | E33: Email Gateway | F33: Yes | G33: Yes | H33: Yes | I33: TAP | J33: Yes | K33: Yes | L33: Yes | M33: TRAP | N33: Yes | O33: Yes | P33: Yes | Q33: Isolation | R33: Yes | S33: Yes | T33: Yes | U33: Zenguide | V33: Yes | W33: Yes | X33: Yes | Y33: ITM | Z33: Yes | AA33: Yes | AB33: Yes | AC33: Endpoint DLP | AD33: Yes | AE33: Yes | AF33: Yes | AG33: CASB | AH33: Yes | AI33: Yes | AJ33: Yes | AK33: Email DLP | AL33: Yes | AM33: Yes | AN33: Yes | AO33: AEDLP | AS33: CEPAPI | AT33: Yes | AU33: Yes | AV33: Yes | AW33: Yes | AX33: Yes | BC33: Yes | BD33: Yes
A34: Cyberpwn | B34: Prashant Nayak | D34: India | E34: Email Gateway | F34: Yes | G34: Yes | H34: Yes | I34: TAP | J34: Yes | K34: Yes | L34: Yes | M34: TRAP | N34: Yes | O34: Yes | P34: Yes | Q34: Isolation | R34: Yes | S34: Yes | T34: Yes | U34: Zenguide | V34: Yes | W34: Yes | X34: Yes | Y34: ITM | Z34: Yes | AA34: Yes | AB34: Yes | AC34: Endpoint DLP | AD34: Yes | AE34: Yes | AF34: Yes | AG34: CASB | AH34: Yes | AI34: Yes | AJ34: Yes | AK34: Email DLP | AL34: Yes | AM34: Yes | AN34: Yes | AO34: AEDLP | AS34: CEPAPI | AT34: Yes | AU34: Yes | AV34: Yes | AW34: Yes | AX34: Yes | BC34: Yes | BD34: Yes
A35: Cyberpwn | B35: Dona Thomas | D35: India | E35: Email Gateway | F35: Yes | G35: Yes | H35: Yes | I35: TAP | J35: Yes | K35: Yes | L35: Yes | M35: TRAP | N35: Yes | O35: Yes | P35: Yes | Q35: Isolation | R35: Yes | S35: Yes | T35: Yes | U35: Zenguide | V35: Yes | W35: Yes | X35: Yes | Y35: ITM | Z35: Yes | AA35: Yes | AB35: Yes | AC35: Endpoint DLP | AD35: Yes | AE35: Yes | AF35: Yes | AG35: CASB | AH35: Yes | AI35: Yes | AJ35: Yes | AK35: Email DLP | AL35: Yes | AM35: Yes | AN35: Yes | AO35: AEDLP | AS35: CEPAPI | AT35: Yes | AU35: Yes | AV35: Yes | AW35: Yes | AX35: Yes | BC35: Yes | BD35: Yes
A36: Cyberpwn | B36: Abdul Hameed | D36: India | E36: Email Gateway | F36: Yes | G36: Yes | H36: Yes | I36: TAP | J36: Yes | K36: Yes | L36: Yes | M36: TRAP | N36: Yes | O36: Yes | P36: Yes | Q36: Isolation | R36: Yes | S36: Yes | T36: Yes | U36: Zenguide | V36: Yes | W36: Yes | X36: Yes | Y36: ITM | Z36: Yes | AA36: Yes | AB36: Yes | AC36: Endpoint DLP | AD36: Yes | AE36: Yes | AF36: Yes | AG36: CASB | AH36: Yes | AI36: Yes | AJ36: Yes | AK36: Email DLP | AL36: Yes | AM36: Yes | AN36: Yes | AO36: AEDLP | AS36: CEPAPI | AT36: Yes | AU36: Yes | AV36: Yes | AW36: Yes | AX36: Yes | BC36: Yes | BD36: Yes
A37: Cyberpwn | B37: Dinesh Babu | D37: India | E37: Email Gateway | F37: Yes | G37: Yes | H37: Yes | I37: TAP | J37: Yes | K37: Yes | L37: Yes | M37: TRAP | N37: Yes | O37: Yes | P37: Yes | Q37: Isolation | R37: Yes | S37: Yes | T37: Yes | U37: Zenguide | V37: Yes | W37: Yes | X37: Yes | Y37: ITM | Z37: No | AA37: No | AB37: No | AC37: Endpoint DLP | AD37: No | AE37: No | AF37: No | AG37: CASB | AH37: No | AI37: No | AJ37: No | AK37: Email DLP | AL37: Yes | AM37: Yes | AN37: Yes | AO37: AEDLP | AS37: CEPAPI | AT37: Yes | AU37: Yes | AV37: Yes | AW37: Yes | AX37: Yes | BC37: Yes | BD37: Yes
A38: Cyberpwn | B38: Vishal Kumar | D38: India | E38: Email Gateway | F38: Yes | G38: Yes | H38: Yes | I38: TAP | J38: Yes | K38: Yes | L38: Yes | M38: TRAP | N38: Yes | O38: Yes | P38: Yes | Q38: Isolation | R38: Yes | S38: Yes | T38: Yes | U38: Zenguide | V38: Yes | W38: Yes | X38: Yes | Y38: ITM | Z38: Yes | AA38: Yes | AB38: Yes | AC38: Endpoint DLP | AD38: Yes | AE38: Yes | AF38: Yes | AG38: CASB | AH38: Yes | AI38: Yes | AJ38: Yes | AK38: Email DLP | AL38: Yes | AM38: Yes | AN38: Yes | AO38: AEDLP | AS38: CEPAPI | AT38: Yes | AU38: Yes | AV38: Yes | AW38: Yes | AX38: Yes | BC38: Yes | BD38: Yes
A39: Cyberpwn | B39: Ankush Zankar | D39: India | E39: Email Gateway | F39: Yes | G39: Yes | H39: No | I39: TAP | J39: Yes | K39: Yes | L39: No | M39: TRAP | N39: Yes | O39: Yes | P39: No | Q39: Isolation | R39: Yes | S39: Yes | T39: Yes | U39: Zenguide | V39: No | W39: No | X39: No | Y39: ITM | Z39: Yes | AA39: Yes | AB39: Yes | AC39: Endpoint DLP | AD39: Yes | AE39: Yes | AF39: Yes | AG39: CASB | AH39: Yes | AI39: Yes | AJ39: Yes | AK39: Email DLP | AL39: Yes | AM39: Yes | AN39: Yes | AO39: AEDLP | AS39: CEPAPI | AT39: Yes | AU39: Yes | AV39: Yes | AW39: Yes | AX39: Yes | BC39: Yes | BD39: Yes
A40: Cyberpwn | B40: Anuj Paratap | D40: India | E40: Email Gateway | F40: Yes | G40: Yes | H40: No | I40: TAP | J40: Yes | K40: Yes | L40: No | M40: TRAP | N40: Yes | O40: Yes | P40: No | Q40: Isolation | R40: Yes | S40: Yes | T40: Yes | U40: Zenguide | V40: No | W40: No | X40: No | Y40: ITM | Z40: Yes | AA40: Yes | AB40: Yes | AC40: Endpoint DLP | AD40: Yes | AE40: Yes | AF40: Yes | AG40: CASB | AH40: Yes | AI40: Yes | AJ40: Yes | AK40: Email DLP | AL40: Yes | AM40: Yes | AN40: Yes | AO40: AEDLP | AS40: CEPAPI | AT40: Yes | AU40: Yes | AV40: Yes | AW40: Yes | AX40: Yes | BC40: Yes | BD40: Yes
A41: Cyberpwn | B41: Shantanu Goswami | D41: India | E41: Email Gateway | F41: Yes | G41: Yes | H41: No | I41: TAP | J41: Yes | K41: Yes | L41: No | M41: TRAP | N41: Yes | O41: Yes | P41: No | Q41: Isolation | R41: Yes | S41: Yes | T41: Yes | U41: Zenguide | V41: No | W41: No | X41: No | Y41: ITM | Z41: Yes | AA41: Yes | AB41: Yes | AC41: Endpoint DLP | AD41: Yes | AE41: Yes | AF41: Yes | AG41: CASB | AH41: Yes | AI41: Yes | AJ41: Yes | AK41: Email DLP | AL41: Yes | AM41: Yes | AN41: Yes | AO41: AEDLP | AS41: CEPAPI | AT41: Yes | AU41: Yes | AV41: Yes | AW41: Yes | AX41: Yes | BC41: Yes | BD41: Yes
A42: Essen Vision | B42: Shruti Shetty | D42: India | E42: Email Gateway | F42: Yes | G42: Yes | H42: Yes | I42: TAP | J42: Yes | K42: Yes | L42: Yes | M42: TRAP | N42: Yes | O42: Yes | P42: Yes | Q42: Isolation | R42: Yes | S42: Yes | T42: Yes | U42: Zenguide | V42: No | W42: No | X42: No | Y42: ITM | Z42: Yes | AA42: Yes | AB42: Yes | AC42: Endpoint DLP | AD42: Yes | AE42: Yes | AF42: Yes | AG42: CASB | AH42: Yes | AI42: Yes | AJ42: Yes | AK42: Email DLP | AL42: Yes | AM42: Yes | AN42: Yes | AO42: AEDLP | AS42: CEPAPI | AW42: Yes | AX42: Yes | AY42: Yes | BA42: Yes | BC42: Yes | BD42: Yes
A43: Essen Vision | B43: Susheel Pandey | D43: India | E43: Email Gateway | F43: Yes | G43: Yes | H43: Yes | I43: TAP | J43: Yes | K43: Yes | L43: Yes | M43: TRAP | N43: Yes | O43: Yes | P43: Yes | Q43: Isolation | R43: Yes | S43: Yes | T43: Yes | U43: Zenguide | V43: No | W43: No | X43: No | Y43: ITM | Z43: Yes | AA43: Yes | AB43: Yes | AC43: Endpoint DLP | AD43: Yes | AE43: Yes | AF43: Yes | AG43: CASB | AH43: Yes | AI43: Yes | AJ43: Yes | AK43: Email DLP | AL43: Yes | AM43: Yes | AN43: Yes | AO43: AEDLP | AS43: CEPAPI | AW43: Yes | AX43: Yes | BC43: Yes | BD43: Yes
A44: Essen Vision | D44: India | E44: Email Gateway | I44: TAP | M44: TRAP | Q44: Isolation | U44: Zenguide | Y44: ITM | AC44: Endpoint DLP | AG44: CASB | AK44: Email DLP | AO44: AEDLP | AS44: CEPAPI
A45: Essen Vision | D45: India | E45: Email Gateway | I45: TAP | M45: TRAP | Q45: Isolation | U45: Zenguide | Y45: ITM | AC45: Endpoint DLP | AG45: CASB | AK45: Email DLP | AO45: AEDLP | AS45: CEPAPI
A46: Meta Infotech | B46: Aishwarya Vijay | D46: India | E46: Email Gateway | F46: Yes | G46: Yes | H46: Yes | I46: TAP | J46: Yes | K46: Yes | L46: Yes | M46: TRAP | N46: Yes | O46: Yes | P46: Yes | Q46: Isolation | R46: Yes | S46: Yes | T46: Yes | U46: Zenguide | V46: Yes | W46: Yes | X46: Yes | Y46: ITM | Z46: Yes | AA46: Yes | AB46: Yes | AC46: Endpoint DLP | AD46: Yes | AE46: Yes | AF46: Yes | AG46: CASB | AH46: Yes | AI46: Yes | AJ46: Yes | AK46: Email DLP | AL46: Yes | AM46: Yes | AN46: Yes | AO46: AEDLP | AS46: CEPAPI | AT46: Yes | AU46: Yes | AV46: Yes | AW46: Yes | AX46: Yes | BC46: Yes | BD46: Yes
A47: Meta Infotech | B47: Lalit Dureja | D47: India | E47: Email Gateway | F47: Yes | G47: Yes | H47: Yes | I47: TAP | J47: Yes | K47: Yes | L47: Yes | M47: TRAP | N47: Yes | O47: Yes | P47: Yes | Q47: Isolation | R47: Yes | S47: Yes | T47: Yes | U47: Zenguide | V47: Yes | W47: Yes | X47: Yes | Y47: ITM | Z47: Yes | AA47: Yes | AB47: Yes | AC47: Endpoint DLP | AD47: Yes | AE47: Yes | AF47: Yes | AG47: CASB | AH47: Yes | AI47: Yes | AJ47: Yes | AK47: Email DLP | AL47: Yes | AM47: Yes | AN47: Yes | AO47: AEDLP | AS47: CEPAPI | AT47: Yes | AU47: Yes | AV47: Yes | AW47: Yes | AX47: Yes | BC47: Yes | BD47: Yes
A48: Meta Infotech | B48: Kishore Achuthani | D48: India | E48: Email Gateway | F48: Yes | G48: Yes | H48: Yes | I48: TAP | J48: Yes | K48: Yes | L48: Yes | M48: TRAP | N48: Yes | O48: Yes | P48: Yes | Q48: Isolation | R48: Yes | S48: Yes | T48: Yes | U48: Zenguide | V48: Yes | W48: Yes | X48: Yes | Y48: ITM | Z48: Yes | AA48: Yes | AB48: Yes | AC48: Endpoint DLP | AD48: Yes | AE48: Yes | AF48: Yes | AG48: CASB | AH48: Yes | AI48: Yes | AJ48: Yes | AK48: Email DLP | AL48: Yes | AM48: Yes | AN48: Yes | AO48: AEDLP | AS48: CEPAPI | AT48: Yes | AU48: Yes | AV48: Yes | AW48: Yes | AX48: Yes | BC48: Yes | BD48: Yes
A49: Meta Infotech | B49: Krishna Modekurty | D49: India | E49: Email Gateway | F49: Yes | G49: Yes | H49: Yes | I49: TAP | J49: Yes | K49: Yes | L49: Yes | M49: TRAP | N49: Yes | O49: Yes | P49: Yes | Q49: Isolation | R49: Yes | S49: Yes | T49: Yes | U49: Zenguide | V49: Yes | W49: Yes | X49: Yes | Y49: ITM | Z49: Yes | AA49: Yes | AB49: Yes | AC49: Endpoint DLP | AD49: Yes | AE49: Yes | AF49: Yes | AG49: CASB | AH49: Yes | AI49: Yes | AJ49: Yes | AK49: Email DLP | AL49: Yes | AM49: Yes | AN49: Yes | AO49: AEDLP | AS49: CEPAPI | AT49: Yes | AU49: Yes | AV49: Yes | AW49: Yes | AX49: Yes | BC49: Yes | BD49: Yes
A50: Meta Infotech | B50: Poonam Tilekar | D50: India | E50: Email Gateway | F50: Yes | G50: Yes | H50: Yes | I50: TAP | J50: Yes | K50: Yes | L50: Yes | M50: TRAP | N50: Yes | O50: Yes | P50: Yes | Q50: Isolation | R50: Yes | S50: Yes | T50: Yes | U50: Zenguide | V50: Yes | W50: Yes | X50: Yes | Y50: ITM | Z50: Yes | AA50: Yes | AB50: Yes | AC50: Endpoint DLP | AD50: Yes | AE50: Yes | AF50: Yes | AG50: CASB | AH50: Yes | AI50: Yes | AJ50: Yes | AK50: Email DLP | AL50: Yes | AM50: Yes | AN50: Yes | AO50: AEDLP | AS50: CEPAPI | AT50: Yes | AU50: Yes | AV50: Yes | AW50: Yes | AX50: Yes | BC50: Yes | BD50: Yes
A51: Meta Infotech | B51: Sandeep Rao | D51: India | E51: Email Gateway | F51: Yes | G51: Yes | H51: Yes | I51: TAP | J51: Yes | K51: Yes | L51: Yes | M51: TRAP | N51: Yes | O51: Yes | P51: Yes | Q51: Isolation | R51: Yes | S51: Yes | T51: Yes | U51: Zenguide | V51: Yes | W51: Yes | X51: Yes | Y51: ITM | Z51: Yes | AA51: Yes | AB51: Yes | AC51: Endpoint DLP | AD51: Yes | AE51: Yes | AF51: Yes | AG51: CASB | AH51: Yes | AI51: Yes | AJ51: Yes | AK51: Email DLP | AL51: Yes | AM51: Yes | AN51: Yes | AO51: AEDLP | AS51: CEPAPI | AT51: Yes | AU51: Yes | AV51: Yes | AW51: Yes | AX51: Yes | BC51: Yes | BD51: Yes
A52: Meta Infotech | B52: Shruti Shinday | D52: India | E52: Email Gateway | F52: Yes | G52: Yes | H52: Yes | I52: TAP | J52: Yes | K52: Yes | L52: Yes | M52: TRAP | N52: Yes | O52: Yes | P52: Yes | Q52: Isolation | R52: Yes | S52: Yes | T52: Yes | U52: Zenguide | V52: Yes | W52: Yes | X52: Yes | Y52: ITM | Z52: Yes | AA52: Yes | AB52: Yes | AC52: Endpoint DLP | AD52: Yes | AE52: Yes | AF52: Yes | AG52: CASB | AH52: Yes | AI52: Yes | AJ52: Yes | AK52: Email DLP | AL52: Yes | AM52: Yes | AN52: Yes | AO52: AEDLP | AS52: CEPAPI | AT52: Yes | AU52: Yes | AV52: Yes | AW52: Yes | AX52: Yes | BC52: Yes | BD52: Yes
A53: Gigabit Technologies | B53: Sachin Lal | D53: India | E53: Email Gateway | F53: Yes | G53: Yes | H53: Yes | I53: TAP | J53: Yes | K53: Yes | L53: Yes | M53: TRAP | N53: Yes | O53: Yes | P53: Yes | Q53: Isolation | R53: Yes | S53: Yes | T53: Yes | U53: Zenguide | V53: Yes | W53: Yes | X53: Yes | Y53: ITM | Z53: Yes | AA53: Yes | AB53: Yes | AC53: Endpoint DLP | AD53: Yes | AE53: Yes | AF53: Yes | AG53: CASB | AH53: Yes | AI53: Yes | AJ53: Yes | AK53: Email DLP | AL53: Yes | AM53: Yes | AN53: Yes | AO53: AEDLP | AS53: CEPAPI | AW53: Yes | AX53: Yes | BC53: Yes | BD53: Yes
A54: Gigabit Technologies | B54: Arpit | D54: India | E54: Email Gateway | F54: Yes | G54: Yes | H54: Yes | I54: TAP | J54: Yes | K54: Yes | L54: Yes | M54: TRAP | N54: Yes | O54: Yes | P54: Yes | Q54: Isolation | R54: No | S54: No | T54: No | U54: Zenguide | V54: No | W54: No | X54: No | Y54: ITM | AC54: Endpoint DLP | AG54: CASB | AK54: Email DLP | AO54: AEDLP | AS54: CEPAPI | AW54: Yes | AX54: Yes | BC54: Yes | BD54: Yes
A55: Gigabit Technologies | B55: Abuzar Khan | D55: India | E55: Email Gateway | I55: TAP | M55: TRAP | Q55: Isolation | R55: Yes | S55: Yes | T55: Yes | U55: Zenguide | V55: No | W55: No | X55: No | Y55: ITM | Z55: Yes | AA55: Yes | AB55: Yes | AC55: Endpoint DLP | AD55: Yes | AE55: Yes | AF55: Yes | AG55: CASB | AH55: Yes | AI55: Yes | AJ55: Yes | AK55: Email DLP | AL55: Yes | AM55: Yes | AN55: Yes | AO55: AEDLP | AS55: CEPAPI | AW55: Yes | AX55: Yes | BC55: Yes | BD55: Yes
A56: Gigabit Technologies | B56: Abu Zafar | D56: India | E56: Email Gateway | I56: TAP | M56: TRAP | Q56: Isolation | R56: Yes | S56: Yes | T56: No | U56: Zenguide | V56: No | W56: No | X56: No | Y56: ITM | Z56: Yes | AA56: Yes | AB56: No | AC56: Endpoint DLP | AD56: Yes | AE56: Yes | AF56: No | AG56: CASB | AH56: Yes | AI56: Yes | AJ56: No | AK56: Email DLP | AL56: Yes | AM56: Yes | AN56: No | AO56: AEDLP | AS56: CEPAPI | AW56: Yes | AX56: Yes | BC56: Yes | BD56: Yes
A57: Gigabit Technologies | B57: Shruti Jain | D57: India | E57: Email Gateway | F57: Yes | G57: Yes | H57: No | I57: TAP | J57: Yes | K57: Yes | L57: No | M57: TRAP | N57: Yes | O57: Yes | P57: No | Q57: Isolation | U57: Zenguide | Y57: ITM | AC57: Endpoint DLP | AG57: CASB | AK57: Email DLP | AO57: AEDLP | AS57: CEPAPI | AW57: Yes | AX57: Yes | BC57: Yes | BD57: Yes
A58: Gigabit Technologies | B58: Sonaansh Aneja | D58: India | E58: Email Gateway | F58: Yes | G58: Yes | H58: No | I58: TAP | J58: Yes | K58: Yes | L58: No | M58: TRAP | N58: Yes | O58: Yes | P58: No | Q58: Isolation | U58: Zenguide | Y58: ITM | AC58: Endpoint DLP | AG58: CASB | AK58: Email DLP | AO58: AEDLP | AS58: CEPAPI | AW58: Yes | AX58: Yes | BC58: Yes | BD58: Yes
A59: Starlight | D59: India | E59: Email Gateway | I59: TAP | M59: TRAP | Q59: Isolation | U59: Zenguide | Y59: ITM | AC59: Endpoint DLP | AG59: CASB | AK59: Email DLP | AO59: AEDLP | AS59: CEPAPI
A60: Starlight
A61: Starlight
A62: Starlight
A63: Regent Digitech | D63: India | E63: Email Gateway | I63: TAP | M63: TRAP | Q63: Isolation | U63: Zenguide | Y63: ITM | AC63: Endpoint DLP | AG63: CASB | AK63: Email DLP | AO63: AEDLP | AS63: CEPAPI
A64: Regent Digitech
A65: Regent Digitech
A66: Regent Digitech
A67: Regent Digitech
A68: Regent Digitech
A69: Regent Digitech
A70: Saint Fox | B70: VamshiKrishna Motru | D70: India | E70: Email Gateway | F70: Yes | G70: Yes | H70: Yes | I70: TAP | J70: Yes | K70: Yes | L70: Yes | M70: TRAP | N70: Yes | O70: Yes | P70: Yes | Q70: Isolation | R70: Yes | S70: Yes | T70: Yes | U70: Zenguide | V70: Yes | W70: Yes | X70: No | Y70: ITM | Z70: Yes | AA70: Yes | AB70: Yes | AC70: Endpoint DLP | AD70: Yes | AE70: Yes | AF70: No | AG70: CASB | AH70: Yes | AI70: Yes | AJ70: Yes | AK70: Email DLP | AL70: Yes | AM70: Yes | AN70: Yes | AO70: AEDLP | AP70: No | AQ70: No | AR70: No | AS70: CEPAPI | AT70: Yes | AU70: Yes | AV70: Yes | AW70: Yes | AX70: Yes
A71: Saint Fox | B71: Bharath Dhaggupathi | D71: India | E71: Email Gateway | F71: Yes | G71: Yes | H71: Yes | I71: TAP | J71: Yes | K71: Yes | L71: Yes | M71: TRAP | N71: Yes | O71: Yes | P71: Yes | Q71: Isolation | R71: Yes | S71: Yes | T71: Yes | U71: Zenguide | V71: Yes | W71: Yes | X71: No | Y71: ITM | Z71: Yes | AA71: Yes | AB71: Yes | AC71: Endpoint DLP | AD71: Yes | AE71: Yes | AF71: No | AG71: CASB | AH71: Yes | AI71: Yes | AJ71: Yes | AK71: Email DLP | AL71: Yes | AM71: Yes | AN71: Yes | AO71: AEDLP | AP71: No | AQ71: No | AR71: No | AS71: CEPAPI | AT71: Yes | AU71: Yes | AV71: Yes | AW71: Yes | AX71: Yes
A72: Altisec | D72: India | E72: Email Gateway | I72: TAP | M72: TRAP | Q72: Isolation | U72: Zenguide | Y72: ITM | AC72: Endpoint DLP | AG72: CASB | AK72: Email DLP | AO72: AEDLP | AS72: CEPAPI
A73: Altisec | D73: India | E73: Email Gateway | I73: TAP | M73: TRAP | Q73: Isolation | U73: Zenguide | Y73: ITM | AC73: Endpoint DLP | AG73: CASB | AK73: Email DLP | AO73: AEDLP | AS73: CEPAPI
A74: Altisec | D74: India | E74: Email Gateway | I74: TAP | M74: TRAP | Q74: Isolation | U74: Zenguide | Y74: ITM | AC74: Endpoint DLP | AG74: CASB | AK74: Email DLP | AO74: AEDLP | AS74: CEPAPI
A75: Altisec | D75: India | E75: Email Gateway | I75: TAP | M75: TRAP | Q75: Isolation | U75: Zenguide | Y75: ITM | AC75: Endpoint DLP | AG75: CASB | AK75: Email DLP | AO75: AEDLP | AS75: CEPAPI
A76: Altisec | D76: India | E76: Email Gateway | I76: TAP | M76: TRAP | Q76: Isolation | U76: Zenguide | Y76: ITM | AC76: Endpoint DLP | AG76: CASB | AK76: Email DLP | AO76: AEDLP | AS76: CEPAPI
A77: Altisec | D77: India | E77: Email Gateway | I77: TAP | M77: TRAP | Q77: Isolation | U77: Zenguide | Y77: ITM | AC77: Endpoint DLP | AG77: CASB | AK77: Email DLP | AO77: AEDLP | AS77: CEPAPI
A78: Invecto | B78: Swastik Shetty, | D78: India | E78: Email Gateway | F78: Yes | G78: Yes | H78: No | I78: TAP | J78: Yes | K78: Yes | L78: No | M78: TRAP | N78: Yes | O78: Yes | P78: No | Q78: Isolation | R78: Yes | S78: Yes | T78: No | U78: Zenguide | Y78: ITM | Z78: Yes | AA78: Yes | AB78: No | AC78: Endpoint DLP | AD78: Yes | AE78: Yes | AF78: No | AG78: CASB | AH78: Yes | AI78: Yes | AJ78: No | AK78: Email DLP | AL78: Yes | AM78: Yes | AN78: No | AO78: AEDLP | AP78: No | AQ78: No | AR78: No | AS78: CEPAPI | AT78: Yes | AU78: Yes | AV78: No | AW78: Yes | AX78: Yes
A79: Invecto | B79: Nazneen Khan | D79: India | E79: Email Gateway | F79: Yes | G79: Yes | H79: No | I79: TAP | J79: Yes | K79: Yes | L79: No | M79: TRAP | N79: Yes | O79: Yes | P79: No | Q79: Isolation | R79: Yes | S79: Yes | T79: No | U79: Zenguide | Y79: ITM | Z79: Yes | AA79: Yes | AB79: No | AC79: Endpoint DLP | AD79: Yes | AE79: Yes | AF79: No | AG79: CASB | AH79: Yes | AI79: Yes | AJ79: No | AK79: Email DLP | AL79: Yes | AM79: Yes | AN79: No | AO79: AEDLP | AP79: No | AQ79: No | AR79: No | AS79: CEPAPI | AT79: Yes | AU79: Yes | AV79: No | AW79: Yes | AX79: Yes
A80: Invecto | B80: Ananya Sharma | D80: India | E80: Email Gateway | F80: Yes | G80: Yes | H80: No | I80: TAP | J80: Yes | K80: Yes | L80: No | M80: TRAP | N80: Yes | O80: Yes | P80: No | Q80: Isolation | R80: Yes | S80: Yes | T80: No | U80: Zenguide | Y80: ITM | Z80: Yes | AA80: Yes | AB80: No | AC80: Endpoint DLP | AD80: Yes | AE80: Yes | AF80: No | AG80: CASB | AH80: Yes | AI80: Yes | AJ80: No | AK80: Email DLP | AL80: Yes | AM80: Yes | AN80: No | AO80: AEDLP | AP80: No | AQ80: No | AR80: No | AS80: CEPAPI | AT80: Yes | AU80: Yes | AV80: No | AW80: Yes | AX80: Yes
A81: Invecto | B81: Rushikesh Salve | D81: India | E81: Email Gateway | F81: Yes | G81: Yes | H81: No | I81: TAP | J81: Yes | K81: Yes | L81: No | M81: TRAP | N81: Yes | O81: Yes | P81: No | Q81: Isolation | R81: Yes | S81: Yes | T81: No | U81: Zenguide | Y81: ITM | Z81: Yes | AA81: Yes | AB81: No | AC81: Endpoint DLP | AD81: Yes | AE81: Yes | AF81: No | AG81: CASB | AH81: Yes | AI81: Yes | AJ81: No | AK81: Email DLP | AL81: Yes | AM81: Yes | AN81: No | AO81: AEDLP | AP81: No | AQ81: No | AR81: No | AS81: CEPAPI | AT81: Yes | AU81: Yes | AV81: No | AW81: Yes | AX81: Yes
A82: Invecto | B82: Susan Amiri | D82: India | E82: Email Gateway | F82: Yes | G82: Yes | H82: No | I82: TAP | J82: Yes | K82: Yes | L82: No | M82: TRAP | N82: Yes | O82: Yes | P82: No | Q82: Isolation | R82: Yes | S82: Yes | T82: No | U82: Zenguide | Y82: ITM | Z82: Yes | AA82: Yes | AB82: No | AC82: Endpoint DLP | AD82: Yes | AE82: Yes | AF82: No | AG82: CASB | AH82: Yes | AI82: Yes | AJ82: No | AK82: Email DLP | AL82: Yes | AM82: Yes | AN82: No | AO82: AEDLP | AP82: No | AQ82: No | AR82: No | AS82: CEPAPI | AT82: Yes | AU82: Yes | AV82: No | AW82: Yes | AX82: Yes
A83: Invecto | B83: Saanvi singh | D83: India | E83: Email Gateway | F83: Yes | G83: Yes | H83: No | I83: TAP | J83: Yes | K83: Yes | L83: No | M83: TRAP | N83: Yes | O83: Yes | P83: No | Q83: Isolation | R83: Yes | S83: Yes | T83: No | U83: Zenguide | Y83: ITM | Z83: Yes | AA83: Yes | AB83: No | AC83: Endpoint DLP | AD83: Yes | AE83: Yes | AF83: No | AG83: CASB | AH83: Yes | AI83: Yes | AJ83: No | AK83: Email DLP | AL83: Yes | AM83: Yes | AN83: No | AO83: AEDLP | AP83: No | AQ83: No | AR83: No | AS83: CEPAPI | AT83: Yes | AU83: Yes | AV83: No | AW83: Yes | AX83: Yes
A84: Seamless Infotech | B84: Kumkum Saini | D84: India | E84: Email Gateway | F84: No | G84: No | H84: No | I84: TAP | J84: No | K84: No | L84: No | M84: TRAP | N84: No | O84: No | P84: No | Q84: Isolation | R84: Yes | S84: Yes | T84: Yes | U84: Zenguide | V84: No | W84: No | X84: No | Y84: ITM | Z84: Yes | AA84: Yes | AB84: Yes | AC84: Endpoint DLP | AD84: Yes | AE84: Yes | AF84: Yes | AG84: CASB | AH84: Yes | AI84: Yes | AJ84: Yes | AK84: Email DLP | AL84: No | AM84: No | AN84: No | AO84: AEDLP | AP84: No | AQ84: No | AR84: No | AS84: CEPAPI | AT84: No | AU84: No | AV84: No | AW84: Yes | AX84: Yes | BC84: Yes | BD84: Yes
A85: Seamless Infotech | B85: Karthikay Dixit | D85: India | E85: Email Gateway | F85: Yes | G85: Yes | H85: Yes | I85: TAP | J85: Yes | K85: Yes | L85: Yes | M85: TRAP | N85: Yes | O85: Yes | P85: Yes | Q85: Isolation | R85: Yes | S85: Yes | T85: Yes | U85: Zenguide | V85: No | W85: No | X85: No | Y85: ITM | Z85: Yes | AA85: Yes | AB85: Yes | AC85: Endpoint DLP | AD85: Yes | AE85: Yes | AF85: No | AG85: CASB | AH85: Yes | AI85: Yes | AJ85: Yes | AK85: Email DLP | AL85: Yes | AM85: Yes | AN85: No | AO85: AEDLP | AP85: No | AQ85: No | AR85: No | AS85: CEPAPI | AT85: Yes | AU85: Yes | AV85: Yes | AW85: Yes | AX85: Yes | BC85: Yes | BD85: Yes
A86: Seamless Infotech | B86: Harpreet Singh | D86: India | E86: Email Gateway | F86: Yes | G86: Yes | H86: No | I86: TAP | J86: Yes | K86: Yes | L86: No | M86: TRAP | N86: Yes | O86: Yes | P86: No | Q86: Isolation | R86: Yes | S86: Yes | T86: No | U86: Zenguide | V86: No | W86: No | X86: No | Y86: ITM | Z86: Yes | AA86: Yes | AB86: Yes | AC86: Endpoint DLP | AD86: Yes | AE86: Yes | AF86: Yes | AG86: CASB | AH86: Yes | AI86: Yes | AJ86: Yes | AK86: Email DLP | AL86: Yes | AM86: No | AN86: No | AO86: AEDLP | AP86: No | AQ86: No | AR86: No | AS86: CEPAPI | AT86: No | AU86: No | AV86: No | AW86: Yes | AX86: Yes | BC86: Yes | BD86: Yes
A87: Rockladder | B87: Amir Khan | D87: India | E87: Email Gateway | F87: Yes | G87: Yes | H87: Yes | I87: TAP | J87: Yes | K87: Yes | L87: Yes | M87: TRAP | N87: Yes | O87: Yes | P87: Yes | Q87: Isolation | R87: Yes | S87: Yes | T87: Yes | U87: Zenguide | V87: Yes | W87: Yes | X87: Yes | Y87: ITM | Z87: Yes | AA87: Yes | AB87: Yes | AC87: Endpoint DLP | AD87: Yes | AE87: Yes | AF87: Yes | AG87: CASB | AH87: Yes | AI87: Yes | AJ87: Yes | AK87: Email DLP | AL87: Yes | AM87: Yes | AN87: Yes | AO87: AEDLP | AP87: Yes | AQ87: Yes | AR87: Yes | AS87: CEPAPI | AT87: Yes | AU87: Yes | AV87: Yes | AW87: Yes | AX87: Yes | BC87: Yes | BD87: Yes
A88: TECHMATRIX CORPORATION | D88: Japan | E88: Email Gateway | F88: Yes | G88: Yes | I88: TAP | J88: Yes | K88: Yes | M88: TRAP | N88: Yes | O88: Yes | Q88: EFD | R88: Yes | S88: Yes | U88: Zenguide | V88: Yes | W88: Yes | Y88: ITM | Z88: Yes | AA88: Yes | AC88: AEDLP | AD88: Yes | AE88: No | AG88: DSPM | AH88: No | AI88: No | AK88: Email DLP | AO88: AEDLP | AS88: CEPAPI
A89: Macnica Networks Corp. | D89: Japan | E89: Email Gateway | F89: Yes | G89: No | I89: TAP | J89: Yes | K89: No | M89: TRAP | N89: Yes | O89: No | Q89: EFD | R89: Yes | S89: Yes | U89: Zenguide | V89: Yes | W89: Yes | Y89: ITM | Z89: Yes | AA89: Yes | AC89: AEDLP | AD89: No | AE89: No | AG89: DSPM | AH89: Yes | AI89: No | AK89: Email DLP | AO89: AEDLP | AS89: CEPAPI
A90: SoftBank Corp. | D90: Japan | E90: Email Gateway | F90: Yes | G90: Yes | I90: TAP | J90: Yes | K90: Yes | M90: TRAP | N90: Yes | O90: Yes | Q90: EFD | R90: No | S90: No | U90: Zenguide | V90: No | W90: No | Y90: ITM | Z90: Yes | AA90: Yes | AC90: AEDLP | AD90: No | AE90: No | AG90: DSPM | AH90: No | AI90: No | AK90: Email DLP | AO90: AEDLP | AS90: CEPAPI
A91: NRI Secure Technologies LTD. | D91: Japan | E91: Email Gateway | F91: Yes | G91: Yes | I91: TAP | J91: Yes | K91: Yes | M91: TRAP | N91: Yes | O91: Yes | Q91: EFD | R91: Yes | S91: Yes | U91: Zenguide | V91: Yes | W91: Yes | Y91: ITM | Z91: Yes | AA91: Yes | AC91: AEDLP | AD91: No | AE91: No | AG91: DSPM | AH91: No | AI91: No | AK91: Email DLP | AO91: AEDLP | AS91: CEPAPI
A92: NEC | D92: Japan | E92: Email Gateway | F92: Yes | G92: Yes | I92: TAP | J92: Yes | K92: Yes | M92: TRAP | N92: Yes | O92: Yes | Q92: EFD | R92: Yes | S92: Yes | U92: Zenguide | V92: No | W92: No | Y92: ITM | Z92: No | AA92: No | AC92: AEDLP | AD92: No | AE92: No | AG92: DSPM | AH92: No | AI92: No | AK92: Email DLP | AO92: AEDLP | AS92: CEPAPI
A93: Sojiz Tech | D93: Japan | E93: Email Gateway | F93: Yes | G93: Yes | I93: TAP | J93: Yes | K93: Yes | M93: TRAP | N93: Yes | O93: Yes | Q93: EFD | R93: Yes | S93: Yes | U93: Zenguide | V93: Yes | W93: Yes | Y93: ITM | Z93: Yes | AA93: Yes | AC93: AEDLP | AD93: No | AE93: No | AG93: DSPM | AH93: No | AI93: No | AK93: Email DLP | AO93: AEDLP | AS93: CEPAPI
A94: Hitachi Solutions Ltd. | D94: Japan | E94: Email Gateway | F94: Yes | G94: Yes | I94: TAP | J94: Yes | K94: Yes | M94: TRAP | N94: No | O94: No | Q94: EFD | R94: No | S94: No | U94: Zenguide | V94: No | W94: No | Y94: ITM | Z94: Yes | AA94: Yes | AC94: AEDLP | AD94: No | AE94: No | AG94: DSPM | AH94: No | AI94: No | AK94: Email DLP | AO94: AEDLP | AS94: CEPAPI
A95: NSD | D95: Japan | E95: Email Gateway | F95: Yes | G95: Yes | I95: TAP | J95: Yes | K95: Yes | M95: TRAP | N95: No | O95: No | Q95: EFD | R95: No | S95: No | U95: Zenguide | V95: No | W95: No | Y95: ITM | Z95: No | AA95: No | AC95: AEDLP | AD95: No | AE95: No | AG95: DSPM | AH95: No | AI95: No | AK95: Email DLP | AO95: AEDLP | AS95: CEPAPI
A96: Netpoleon Singapore | B96: Don Lim | D96: Singapore | E96: Email Gateway | F96: Yes | G96: Yes | H96: No | I96: TAP | J96: Yes | K96: Yes | L96: No | M96: TRAP | N96: Yes | O96: Yes | P96: No | Q96: Isolation | R96: Yes | S96: Yes | T96: No | U96: Zenguide | V96: Yes | W96: Yes | X96: Yes | Y96: ITM | Z96: Yes | AA96: Yes | AB96: No | AC96: AEDLP | AD96: Yes | AE96: Yes | AF96: No | AG96: DSPM | AH96: No | AI96: No | AJ96: No | AK96: Email DLP | AO96: Endpoint DLP | AS96: CEPAPI
A97: M.Tech Singapore | B97: Larry Ho | D97: Singapore | E97: Email Gateway | F97: No | G97: No | H97: No | I97: TAP | M97: TRAP | Q97: Isolation | U97: Zenguide | Y97: ITM | AC97: AEDLP | AG97: DSPM | AH97: No | AI97: No | AJ97: No | AK97: Email DLP | AO97: Endpoint DLP | AS97: CEPAPI
A98: Ensign Singapore | D98: Malaysia | E98: Email Gateway | F98: Yes | G98: Yes | H98: No | I98: TAP | J98: Yes | K98: Yes | L98: No | M98: TRAP | Q98: Isolation | U98: Zenguide | Y98: ITM | AC98: AEDLP | AG98: DSPM | AH98: No | AI98: No | AJ98: No | AK98: Email DLP | AO98: Endpoint DLP | AS98: CEPAPI
A99: M.Tech Malaysia | B99: Melissa Tan | D99: Malaysia | E99: Email Gateway | F99: Yes | G99: Yes | H99: Yes | I99: TAP | J99: Yes | K99: Yes | L99: Yes | M99: TRAP | N99: Yes | O99: Yes | P99: Yes | Q99: Isolation | R99: Yes | S99: Yes | T99: Yes | U99: Zenguide | V99: Yes | W99: Yes | X99: Yes | Y99: ITM | Z99: Yes | AA99: Yes | AB99: No | AC99: AEDLP | AD99: Yes | AE99: Yes | AF99: No | AG99: DSPM | AH99: No | AI99: No | AJ99: No | AK99: Email DLP | AL99: Yes | AM99: Yes | AN99: Yes | AO99: Endpoint DLP | AP99: Yes | AQ99: Yes | AR99: No | AS99: CEPAPI
A100: Netpoleon Indonesia | B100: Faizal Halim | D100: Indonesia | E100: Email Gateway | F100: Yes | G100: Yes | H100: Yes | I100: TAP | J100: Yes | K100: Yes | L100: Yes | M100: TRAP | N100: Yes | O100: Yes | P100: Yes | Q100: Isolation | R100: Yes | S100: Yes | T100: Yes | U100: Zenguide | V100: Yes | W100: Yes | X100: Yes | Y100: ITM | Z100: Yes | AA100: Yes | AB100: No | AC100: AEDLP | AD100: Yes | AE100: Yes | AF100: No | AG100: DSPM | AH100: No | AI100: No | AJ100: No | AK100: Email DLP | AL100: Yes | AM100: Yes | AN100: Yes | AO100: Endpoint DLP | AP100: Yes | AQ100: Yes | AR100: No | AS100: CEPAPI | AT100: No | AU100: No | AV100: No
A101: M.Tech Indonesia | B101: Sari Palestina | D101: Indonesia | E101: Email Gateway | F101: Yes | G101: Yes | H101: Yes | I101: TAP | J101: Yes | K101: Yes | L101: Yes | M101: TRAP | N101: Yes | O101: Yes | P101: Yes | Q101: Isolation | R101: Yes | S101: Yes | T101: Yes | U101: Zenguide | V101: Yes | W101: Yes | X101: Yes | Y101: ITM | Z101: Yes | AA101: Yes | AB101: No | AC101: AEDLP | AD101: Yes | AE101: Yes | AF101: No | AG101: DSPM | AH101: No | AI101: No | AJ101: No | AK101: Email DLP | AL101: Yes | AM101: Yes | AN101: Yes | AO101: Endpoint DLP | AP101: Yes | AQ101: Yes | AR101: No | AS101: CEPAPI | AT101: No | AU101: No | AV101: No
A102: Netpoleon Philipines | B102: Lanz | D102: Philippines | E102: Email Gateway | F102: Yes | G102: Yes | H102: Yes | I102: TAP | J102: Yes | K102: Yes | L102: Yes | M102: TRAP | N102: Yes | O102: Yes | P102: Yes | Q102: Isolation | R102: Yes | S102: Yes | T102: Yes | U102: Zenguide | V102: Yes | W102: Yes | X102: Yes | Y102: ITM | Z102: Yes | AA102: Yes | AB102: No | AC102: AEDLP | AD102: Yes | AE102: Yes | AF102: No | AG102: DSPM | AH102: No | AI102: No | AJ102: No | AK102: Email DLP | AL102: Yes | AM102: Yes | AN102: Yes | AO102: Endpoint DLP | AP102: Yes | AQ102: Yes | AR102: Yes | AS102: CEPAPI | AT102: No | AU102: No | AV102: No
A103: Netpoleon Philipines | B103: John Paul | D103: Philippines | E103: Email Gateway | F103: Yes | G103: Yes | H103: Yes | I103: TAP | J103: Yes | K103: Yes | L103: Yes | M103: TRAP | N103: Yes | O103: Yes | P103: Yes | Q103: Isolation | R103: Yes | S103: Yes | T103: Yes | U103: Zenguide | V103: Yes | W103: Yes | X103: Yes | Y103: ITM | Z103: Yes | AA103: Yes | AB103: No | AC103: AEDLP | AD103: Yes | AE103: Yes | AF103: No | AG103: DSPM | AH103: No | AI103: No | AJ103: No | AK103: Email DLP | AL103: Yes | AM103: Yes | AN103: Yes | AO103: Endpoint DLP | AP103: Yes | AQ103: Yes | AR103: Yes | AS103: CEPAPI | AT103: No | AU103: No | AV103: No
A104: ITSDI Philipines | B104: Job Noel | D104: Philippines | E104: Email Gateway | F104: Yes | G104: Yes | H104: Yes | I104: TAP | J104: Yes | K104: Yes | L104: Yes | M104: TRAP | N104: Yes | O104: Yes | P104: Yes | Q104: Isolation | R104: Yes | S104: Yes | T104: Yes | U104: Zenguide | V104: Yes | W104: Yes | X104: Yes | Y104: ITM | Z104: No | AA104: No | AB104: No | AC104: AEDLP | AD104: No | AE104: No | AF104: No | AG104: DSPM | AH104: No | AI104: No | AJ104: No | AK104: Email DLP | AL104: No | AM104: No | AN104: No | AO104: Endpoint DLP | AP104: Yes | AQ104: Yes | AR104: No | AS104: CEPAPI | AT104: No | AU104: No | AV104: No
A105: M.Tech Vietnam | D105: Vietnam | E105: Email Gateway | F105: Yes | G105: Yes | H105: No | I105: TAP | J105: Yes | K105: Yes | L105: No | M105: TRAP | N105: Yes | O105: Yes | P105: No | Q105: Isolation | R105: Yes | S105: No | T105: No | U105: Zenguide | V105: Yes | W105: Yes | X105: No | Y105: ITM | Z105: Yes | AA105: Yes | AB105: No | AC105: AEDLP | AD105: No | AE105: No | AF105: No | AG105: DSPM | AH105: No | AI105: No | AJ105: No | AK105: Email DLP | AL105: No | AM105: No | AN105: No | AO105: Endpoint DLP | AP105: No | AQ105: No | AR105: No | AS105: CEPAPI | AT105: No | AU105: No | AV105: No
A106: NTS Vietnam | D106: Vietnam | E106: Email Gateway | F106: Yes | G106: No | H106: No | I106: TAP | J106: Yes | K106: No | L106: No | M106: TRAP | N106: No | O106: No | P106: No | Q106: Isolation | R106: Yes | S106: No | T106: No | U106: Zenguide | V106: Yes | W106: Yes | X106: No | Y106: ITM | Z106: No | AA106: No | AB106: No | AC106: AEDLP | AD106: No | AE106: No | AF106: No | AG106: DSPM | AH106: No | AI106: No | AJ106: No | AK106: Email DLP | AL106: No | AM106: No | AN106: No | AO106: Endpoint DLP | AP106: No | AQ106: No | AR106: No | AS106: CEPAPI | AT106: No | AU106: No | AV106: No
A107: Fairline Taiwan | B107: Kevin Shen | D107: Taiwan | E107: Email Gateway | F107: Yes | G107: Yes | H107: No | I107: TAP | J107: Yes | K107: Yes | L107: No | M107: TRAP | N107: Yes | O107: No | P107: No | Q107: Isolation | R107: Yes | S107: No | T107: No | U107: Zenguide | V107: Yes | W107: Yes | X107: Yes | Y107: ITM | Z107: No | AA107: No | AB107: No | AC107: AEDLP | AD107: No | AE107: No | AF107: No | AG107: DSPM | AH107: No | AI107: No | AJ107: No | AK107: Email DLP | AL107: No | AM107: No | AN107: No | AO107: Endpoint DLP | AP107: Yes | AQ107: Yes | AR107: No | AS107: CEPAPI | AT107: No | AU107: No | AV107: No
A108: Ciphertech Taiwan | B108: Kevin Kuo | D108: Taiwan | E108: Email Gateway | F108: Yes | G108: Yes | H108: No | I108: TAP | J108: Yes | K108: Yes | L108: No | M108: TRAP | N108: Yes | O108: No | P108: No | Q108: Isolation | R108: Yes | S108: No | T108: No | U108: Zenguide | V108: Yes | W108: Yes | X108: Yes | Y108: ITM | Z108: No | AA108: No | AB108: No | AC108: AEDLP | AD108: No | AE108: No | AF108: No | AG108: DSPM | AH108: No | AI108: No | AJ108: No | AK108: Email DLP | AL108: No | AM108: No | AN108: No | AO108: Endpoint DLP | AP108: No | AQ108: No | AR108: No | AS108: CEPAPI | AT108: No | AU108: No | AV108: No
A109: Ciphertech Taiwan | B109: CJ Kuo | D109: Taiwan | E109: Email Gateway | F109: Yes | G109: Yes | H109: No | I109: TAP | J109: Yes | K109: Yes | L109: No | M109: TRAP | N109: Yes | O109: No | P109: No | Q109: Isolation | R109: Yes | S109: No | T109: No | U109: Zenguide | V109: Yes | W109: Yes | X109: Yes | Y109: ITM | Z109: No | AA109: No | AB109: No | AC109: AEDLP | AD109: No | AE109: No | AF109: No | AG109: DSPM | AH109: No | AI109: No | AJ109: No | AK109: Email DLP | AL109: No | AM109: No | AN109: No | AO109: Endpoint DLP | AP109: No | AQ109: No | AR109: No | AS109: CEPAPI | AT109: No | AU109: No | AV109: No
A110: Tachun Taiwan | B110: Jason You | D110: Taiwan | E110: Email Gateway | F110: Yes | G110: Yes | H110: Yes | I110: TAP | J110: Yes | K110: Yes | L110: Yes | M110: TRAP | N110: Yes | O110: Yes | P110: Yes | Q110: Isolation | R110: Yes | S110: Yes | T110: Yes | U110: Zenguide | V110: Yes | W110: Yes | X110: Yes | Y110: ITM | Z110: Yes | AA110: Yes | AB110: Yes | AC110: AEDLP | AD110: Yes | AE110: Yes | AF110: No | AG110: DSPM | AH110: No | AI110: No | AJ110: No | AK110: Email DLP | AL110: Yes | AM110: Yes | AN110: Yes | AO110: Endpoint DLP | AP110: Yes | AQ110: Yes | AR110: No | AS110: CEPAPI | AT110: No | AU110: No | AV110: No
A111: Tachun Taiwan | B111: Ivan Lin | D111: Taiwan | E111: Email Gateway | F111: Yes | G111: Yes | H111: Yes | I111: TAP | J111: Yes | K111: Yes | L111: Yes | M111: TRAP | N111: Yes | O111: Yes | P111: Yes | Q111: Isolation | R111: Yes | S111: Yes | T111: Yes | U111: Zenguide | V111: Yes | W111: Yes | X111: Yes | Y111: ITM | Z111: Yes | AA111: Yes | AB111: Yes | AC111: AEDLP | AD111: Yes | AE111: Yes | AF111: No | AG111: DSPM | AH111: No | AI111: No | AJ111: No | AK111: Email DLP | AL111: Yes | AM111: Yes | AN111: Yes | AO111: Endpoint DLP | AP111: Yes | AQ111: Yes | AR111: No | AS111: CEPAPI | AT111: Yes | AU111: No | AV111: No
A112: Ncurity Korea | D112: Korea | E112: Email Gateway | F112: Yes | G112: Yes | H112: Yes | I112: TAP | J112: Yes | K112: Yes | L112: Yes | M112: TRAP | N112: Yes | O112: Yes | P112: Yes | Q112: Isolation | R112: Yes | S112: Yes | T112: Yes | U112: Zenguide | V112: Yes | W112: Yes | X112: Yes | Y112: ITM | Z112: Yes | AA112: Yes | AB112: Yes | AC112: AEDLP | AD112: No | AE112: No | AF112: No | AG112: DSPM | AH112: No | AI112: No | AJ112: No | AK112: Email DLP | AL112: Yes | AM112: Yes | AN112: Yes | AO112: Endpoint DLP | AP112: No | AQ112: No | AR112: No | AS112: CEPAPI | AT112: No | AU112: No | AV112: No
...

Sheet Lists
A1: Platforms | B1: Regions | C1: YesNo | D1: Partner Program Tier
A2: Email Gateway | B2: Australia | C2: Yes | D2: Select
A3: TAP | B3: New Zealand | C3: No | D3: Elite
A4: TRAP | B4: India | D4: Elite+
A5: Isolation | B5: Japan
A6: Zenguide | B6: Singapore
A7: EFD | B7: Hong Kong
A8: SER | B8: Thailand
A9: ITM | B9: Philippines
A10: Endpoint DLP | B10: Malaysia
A11: CASB | B11: Indonesia
A12: Email DLP | B12: Korea
A13: DSPM | B13: Taiwan
A14: AEDLP | B14: Vietnam
A15: CEPAPI

Sheet Instructions
A1: Partner Competency Dashboard – Instructions
A2: Use one row per person in Partner Competency Input.
A3: For each platform slot, choose the platform and then mark Present, Demo, and POC separately.
A4: If a person cannot drive POC for a platform, leave that POC cell blank or select No for that platform only.
A5: Certificates use Yes / No dropdowns.
A6: All Platforms combines the platform names only.
A7: Heatmap Dashboard counts distinct people for each Partner × Platform × Capability using the input sheet as the source of truth.

Sheet Normalized
A1: Partner Name | B1: Person Name | C1: Region | D1: Platform | E1: Present | F1: Demo | G1: POC
A2: =IF('Partner Competency Input'!E4<>"",'Partner Competency Input'!$A$4,"") -> Nextgen | B2: =IF('Partner Competency Input'!E4<>"",'Partner Competency Input'!$B$4,"") -> Vikesh Ramnath | C2: =IF('Partner Competency Input'!E4<>"",'Partner Competency Input'!$D$4,"") -> Australia | D2: ='Partner Competency Input'!E4 -> Email Gateway | E2: ='Partner Competency Input'!F4 -> Yes | F2: ='Partner Competency Input'!G4 -> Yes | G2: ='Partner Competency Input'!H4 -> No
A3: =IF('Partner Competency Input'!I4<>"",'Partner Competency Input'!$A$4,"") -> Nextgen | B3: =IF('Partner Competency Input'!I4<>"",'Partner Competency Input'!$B$4,"") -> Vikesh Ramnath | C3: =IF('Partner Competency Input'!I4<>"",'Partner Competency Input'!$D$4,"") -> Australia | D3: ='Partner Competency Input'!I4 -> TAP | E3: ='Partner Competency Input'!J4 -> Yes | F3: ='Partner Competency Input'!K4 -> Yes | G3: ='Partner Competency Input'!L4 -> No
A4: =IF('Partner Competency Input'!M4<>"",'Partner Competency Input'!$A$4,"") -> Nextgen | B4: =IF('Partner Competency Input'!M4<>"",'Partner Competency Input'!$B$4,"") -> Vikesh Ramnath | C4: =IF('Partner Competency Input'!M4<>"",'Partner Competency Input'!$D$4,"") -> Australia | D4: ='Partner Competency Input'!M4 -> TRAP | E4: ='Partner Competency Input'!N4 -> Yes | F4: ='Partner Competency Input'!O4 -> Yes | G4: ='Partner Competency Input'!P4 -> No
A5: =IF('Partner Competency Input'!Q4<>"",'Partner Competency Input'!$A$4,"") -> Nextgen | B5: =IF('Partner Competency Input'!Q4<>"",'Partner Competency Input'!$B$4,"") -> Vikesh Ramnath | C5: =IF('Partner Competency Input'!Q4<>"",'Partner Competency Input'!$D$4,"") -> Australia | D5: ='Partner Competency Input'!Q4 -> Isolation | E5: ='Partner Competency Input'!R4 -> Yes | F5: ='Partner Competency Input'!S4 -> Yes | G5: ='Partner Competency Input'!T4 -> No
A6: =IF('Partner Competency Input'!U4<>"",'Partner Competency Input'!$A$4,"") -> Nextgen | B6: =IF('Partner Competency Input'!U4<>"",'Partner Competency Input'!$B$4,"") -> Vikesh Ramnath | C6: =IF('Partner Competency Input'!U4<>"",'Partner Competency Input'!$D$4,"") -> Australia | D6: ='Partner Competency Input'!U4 -> Zenguide | E6: ='Partner Competency Input'!V4 -> Yes | F6: ='Partner Competency Input'!W4 -> Yes | G6: ='Partner Competency Input'!X4 -> Yes
A7: =IF('Partner Competency Input'!Y4<>"",'Partner Competency Input'!$A$4,"") -> Nextgen | B7: =IF('Partner Competency Input'!Y4<>"",'Partner Competency Input'!$B$4,"") -> Vikesh Ramnath | C7: =IF('Partner Competency Input'!Y4<>"",'Partner Competency Input'!$D$4,"") -> Australia | D7: ='Partner Competency Input'!Y4 -> ITM | E7: ='Partner Competency Input'!Z4 -> Yes | F7: ='Partner Competency Input'!AA4 -> Yes | G7: ='Partner Competency Input'!AB4 -> No
A8: =IF('Partner Competency Input'!AC4<>"",'Partner Competency Input'!$A$4,"") -> Nextgen | B8: =IF('Partner Competency Input'!AC4<>"",'Partner Competency Input'!$B$4,"") -> Vikesh Ramnath | C8: =IF('Partner Competency Input'!AC4<>"",'Partner Competency Input'!$D$4,"") -> Australia | D8: ='Partner Competency Input'!AC4 -> Endpoint DLP | E8: ='Partner Competency Input'!AD4 -> Yes | F8: ='Partner Competency Input'!AE4 -> Yes | G8: ='Partner Competency Input'!AF4 -> No
A9: =IF('Partner Competency Input'!AG4<>"",'Partner Competency Input'!$A$4,"") -> Nextgen | B9: =IF('Partner Competency Input'!AG4<>"",'Partner Competency Input'!$B$4,"") -> Vikesh Ramnath | C9: =IF('Partner Competency Input'!AG4<>"",'Partner Competency Input'!$D$4,"") -> Australia | D9: ='Partner Competency Input'!AG4 -> CASB | E9: ='Partner Competency Input'!AH4 -> Yes | F9: ='Partner Competency Input'!AI4 -> Yes | G9: ='Partner Competency Input'!AJ4 -> No
A10: =IF('Partner Competency Input'!AK4<>"",'Partner Competency Input'!$A$4,"") -> Nextgen | B10: =IF('Partner Competency Input'!AK4<>"",'Partner Competency Input'!$B$4,"") -> Vikesh Ramnath | C10: =IF('Partner Competency Input'!AK4<>"",'Partner Competency Input'!$D$4,"") -> Australia | D10: ='Partner Competency Input'!AK4 -> Email DLP | E10: ='Partner Competency Input'!AL4 -> Yes | F10: ='Partner Competency Input'!AM4 -> Yes | G10: ='Partner Competency Input'!AN4 -> No
A11: =IF('Partner Competency Input'!AO4<>"",'Partner Competency Input'!$A$4,"") -> Nextgen | B11: =IF('Partner Competency Input'!AO4<>"",'Partner Competency Input'!$B$4,"") -> Vikesh Ramnath | C11: =IF('Partner Competency Input'!AO4<>"",'Partner Competency Input'!$D$4,"") -> Australia | D11: ='Partner Competency Input'!AO4 -> AEDLP | E11: ='Partner Competency Input'!AP4 -> Yes | F11: ='Partner Competency Input'!AQ4 -> Yes | G11: ='Partner Competency Input'!AR4 -> Yes
A12: =IF('Partner Competency Input'!AS4<>"",'Partner Competency Input'!$A$4,"") -> Nextgen | B12: =IF('Partner Competency Input'!AS4<>"",'Partner Competency Input'!$B$4,"") -> Vikesh Ramnath | C12: =IF('Partner Competency Input'!AS4<>"",'Partner Competency Input'!$D$4,"") -> Australia | D12: ='Partner Competency Input'!AS4 -> CEPAPI | E12: ='Partner Competency Input'!AT4 -> Yes | F12: ='Partner Competency Input'!AU4 -> Yes | G12: ='Partner Competency Input'!AV4 -> Yes
A13: =IF('Partner Competency Input'!E5<>"",'Partner Competency Input'!$A$5,"") -> Ingram Micro | B13: =IF('Partner Competency Input'!E5<>"",'Partner Competency Input'!$B$5,"") -> Wesley Hwang | C13: =IF('Partner Competency Input'!E5<>"",'Partner Competency Input'!$D$5,"") -> Australia | D13: ='Partner Competency Input'!E5 -> Email Gateway | E13: ='Partner Competency Input'!F5 -> Yes | F13: ='Partner Competency Input'!G5 -> Yes | G13: ='Partner Competency Input'!H5 -> No
A14: =IF('Partner Competency Input'!I5<>"",'Partner Competency Input'!$A$5,"") -> Ingram Micro | B14: =IF('Partner Competency Input'!I5<>"",'Partner Competency Input'!$B$5,"") -> Wesley Hwang | C14: =IF('Partner Competency Input'!I5<>"",'Partner Competency Input'!$D$5,"") -> Australia | D14: ='Partner Competency Input'!I5 -> TAP | E14: ='Partner Competency Input'!J5 -> Yes | F14: ='Partner Competency Input'!K5 -> Yes | G14: ='Partner Competency Input'!L5 -> No
A15: =IF('Partner Competency Input'!M5<>"",'Partner Competency Input'!$A$5,"") -> Ingram Micro | B15: =IF('Partner Competency Input'!M5<>"",'Partner Competency Input'!$B$5,"") -> Wesley Hwang | C15: =IF('Partner Competency Input'!M5<>"",'Partner Competency Input'!$D$5,"") -> Australia | D15: ='Partner Competency Input'!M5 -> TRAP | E15: ='Partner Competency Input'!N5 -> Yes | F15: ='Partner Competency Input'!O5 -> Yes | G15: ='Partner Competency Input'!P5 -> No
A16: =IF('Partner Competency Input'!Q5<>"",'Partner Competency Input'!$A$5,"") -> Ingram Micro | B16: =IF('Partner Competency Input'!Q5<>"",'Partner Competency Input'!$B$5,"") -> Wesley Hwang | C16: =IF('Partner Competency Input'!Q5<>"",'Partner Competency Input'!$D$5,"") -> Australia | D16: ='Partner Competency Input'!Q5 -> Isolation | E16: ='Partner Competency Input'!R5 -> Yes | F16: ='Partner Competency Input'!S5 -> Yes | G16: ='Partner Competency Input'!T5 -> No
A17: =IF('Partner Competency Input'!U5<>"",'Partner Competency Input'!$A$5,"") -> Ingram Micro | B17: =IF('Partner Competency Input'!U5<>"",'Partner Competency Input'!$B$5,"") -> Wesley Hwang | C17: =IF('Partner Competency Input'!U5<>"",'Partner Competency Input'!$D$5,"") -> Australia | D17: ='Partner Competency Input'!U5 -> Zenguide | E17: ='Partner Competency Input'!V5 -> Yes | F17: ='Partner Competency Input'!W5 -> Yes | G17: ='Partner Competency Input'!X5 -> Yes
A18: =IF('Partner Competency Input'!Y5<>"",'Partner Competency Input'!$A$5,"") -> Ingram Micro | B18: =IF('Partner Competency Input'!Y5<>"",'Partner Competency Input'!$B$5,"") -> Wesley Hwang | C18: =IF('Partner Competency Input'!Y5<>"",'Partner Competency Input'!$D$5,"") -> Australia | D18: ='Partner Competency Input'!Y5 -> ITM | E18: ='Partner Competency Input'!Z5 -> Yes | F18: ='Partner Competency Input'!AA5 -> Yes | G18: ='Partner Competency Input'!AB5 -> No
A19: =IF('Partner Competency Input'!AC5<>"",'Partner Competency Input'!$A$5,"") -> Ingram Micro | B19: =IF('Partner Competency Input'!AC5<>"",'Partner Competency Input'!$B$5,"") -> Wesley Hwang | C19: =IF('Partner Competency Input'!AC5<>"",'Partner Competency Input'!$D$5,"") -> Australia | D19: ='Partner Competency Input'!AC5 -> Endpoint DLP | E19: ='Partner Competency Input'!AD5 -> Yes | F19: ='Partner Competency Input'!AE5 -> Yes | G19: ='Partner Competency Input'!AF5 -> No
A20: =IF('Partner Competency Input'!AG5<>"",'Partner Competency Input'!$A$5,"") -> Ingram Micro | B20: =IF('Partner Competency Input'!AG5<>"",'Partner Competency Input'!$B$5,"") -> Wesley Hwang | C20: =IF('Partner Competency Input'!AG5<>"",'Partner Competency Input'!$D$5,"") -> Australia | D20: ='Partner Competency Input'!AG5 -> CASB | E20: ='Partner Competency Input'!AH5 -> Yes | F20: ='Partner Competency Input'!AI5 -> Yes | G20: ='Partner Competency Input'!AJ5 -> No
A21: =IF('Partner Competency Input'!AK5<>"",'Partner Competency Input'!$A$5,"") -> Ingram Micro | B21: =IF('Partner Competency Input'!AK5<>"",'Partner Competency Input'!$B$5,"") -> Wesley Hwang | C21: =IF('Partner Competency Input'!AK5<>"",'Partner Competency Input'!$D$5,"") -> Australia | D21: ='Partner Competency Input'!AK5 -> Email DLP | E21: ='Partner Competency Input'!AL5 -> Yes | F21: ='Partner Competency Input'!AM5 -> Yes | G21: ='Partner Competency Input'!AN5 -> No
A22: =IF('Partner Competency Input'!AO5<>"",'Partner Competency Input'!$A$5,"") -> Ingram Micro | B22: =IF('Partner Competency Input'!AO5<>"",'Partner Competency Input'!$B$5,"") -> Wesley Hwang | C22: =IF('Partner Competency Input'!AO5<>"",'Partner Competency Input'!$D$5,"") -> Australia | D22: ='Partner Competency Input'!AO5 -> AEDLP | E22: ='Partner Competency Input'!AP5 -> Yes | F22: ='Partner Competency Input'!AQ5 -> Yes | G22: ='Partner Competency Input'!AR5 -> Yes
A23: =IF('Partner Competency Input'!AS5<>"",'Partner Competency Input'!$A$5,"") -> Ingram Micro | B23: =IF('Partner Competency Input'!AS5<>"",'Partner Competency Input'!$B$5,"") -> Wesley Hwang | C23: =IF('Partner Competency Input'!AS5<>"",'Partner Competency Input'!$D$5,"") -> Australia | D23: ='Partner Competency Input'!AS5 -> CEPAPI | E23: ='Partner Competency Input'!AT5 -> Yes | F23: ='Partner Competency Input'!AU5 -> Yes | G23: ='Partner Competency Input'!AV5 -> Yes
A24: =IF('Partner Competency Input'!E6<>"",'Partner Competency Input'!$A$6,"") -> Lumen IT | B24: =IF('Partner Competency Input'!E6<>"",'Partner Competency Input'!$B$6,"") -> Craig Tamlin | C24: =IF('Partner Competency Input'!E6<>"",'Partner Competency Input'!$D$6,"") -> Australia | D24: ='Partner Competency Input'!E6 -> Email Gateway | E24: ='Partner Competency Input'!F6 -> Yes | F24: ='Partner Competency Input'!G6 -> Yes | G24: ='Partner Competency Input'!H6 -> No
A25: =IF('Partner Competency Input'!I6<>"",'Partner Competency Input'!$A$6,"") -> Lumen IT | B25: =IF('Partner Competency Input'!I6<>"",'Partner Competency Input'!$B$6,"") -> Craig Tamlin | C25: =IF('Partner Competency Input'!I6<>"",'Partner Competency Input'!$D$6,"") -> Australia | D25: ='Partner Competency Input'!I6 -> TAP | E25: ='Partner Competency Input'!J6 -> Yes | F25: ='Partner Competency Input'!K6 -> Yes | G25: ='Partner Competency Input'!L6 -> No
A26: =IF('Partner Competency Input'!M6<>"",'Partner Competency Input'!$A$6,"") -> Lumen IT | B26: =IF('Partner Competency Input'!M6<>"",'Partner Competency Input'!$B$6,"") -> Craig Tamlin | C26: =IF('Partner Competency Input'!M6<>"",'Partner Competency Input'!$D$6,"") -> Australia | D26: ='Partner Competency Input'!M6 -> TRAP | E26: ='Partner Competency Input'!N6 -> Yes | F26: ='Partner Competency Input'!O6 -> Yes | G26: ='Partner Competency Input'!P6 -> No
A27: =IF('Partner Competency Input'!Q6<>"",'Partner Competency Input'!$A$6,"") -> Lumen IT | B27: =IF('Partner Competency Input'!Q6<>"",'Partner Competency Input'!$B$6,"") -> Craig Tamlin | C27: =IF('Partner Competency Input'!Q6<>"",'Partner Competency Input'!$D$6,"") -> Australia | D27: ='Partner Competency Input'!Q6 -> Isolation | E27: ='Partner Competency Input'!R6 -> Yes | F27: ='Partner Competency Input'!S6 -> Yes | G27: ='Partner Competency Input'!T6 -> No
A28: =IF('Partner Competency Input'!U6<>"",'Partner Competency Input'!$A$6,"") -> Lumen IT | B28: =IF('Partner Competency Input'!U6<>"",'Partner Competency Input'!$B$6,"") -> Craig Tamlin | C28: =IF('Partner Competency Input'!U6<>"",'Partner Competency Input'!$D$6,"") -> Australia | D28: ='Partner Competency Input'!U6 -> Zenguide | E28: ='Partner Competency Input'!V6 -> Yes | F28: ='Partner Competency Input'!W6 -> Yes | G28: ='Partner Competency Input'!X6 -> Yes
A29: =IF('Partner Competency Input'!Y6<>"",'Partner Competency Input'!$A$6,"") -> Lumen IT | B29: =IF('Partner Competency Input'!Y6<>"",'Partner Competency Input'!$B$6,"") -> Craig Tamlin | C29: =IF('Partner Competency Input'!Y6<>"",'Partner Competency Input'!$D$6,"") -> Australia | D29: ='Partner Competency Input'!Y6 -> ITM | E29: ='Partner Competency Input'!Z6 -> Yes | F29: ='Partner Competency Input'!AA6 -> Yes | G29: ='Partner Competency Input'!AB6 -> No
A30: =IF('Partner Competency Input'!AC6<>"",'Partner Competency Input'!$A$6,"") -> Lumen IT | B30: =IF('Partner Competency Input'!AC6<>"",'Partner Competency Input'!$B$6,"") -> Craig Tamlin | C30: =IF('Partner Competency Input'!AC6<>"",'Partner Competency Input'!$D$6,"") -> Australia | D30: ='Partner Competency Input'!AC6 -> Endpoint DLP | E30: ='Partner Competency Input'!AD6 -> Yes | F30: ='Partner Competency Input'!AE6 -> Yes | G30: ='Partner Competency Input'!AF6 -> No
A31: =IF('Partner Competency Input'!AG6<>"",'Partner Competency Input'!$A$6,"") -> Lumen IT | B31: =IF('Partner Competency Input'!AG6<>"",'Partner Competency Input'!$B$6,"") -> Craig Tamlin | C31: =IF('Partner Competency Input'!AG6<>"",'Partner Competency Input'!$D$6,"") -> Australia | D31: ='Partner Competency Input'!AG6 -> CASB | E31: ='Partner Competency Input'!AH6 -> Yes | F31: ='Partner Competency Input'!AI6 -> Yes | G31: ='Partner Competency Input'!AJ6 -> No
A32: =IF('Partner Competency Input'!AK6<>"",'Partner Competency Input'!$A$6,"") -> Lumen IT | B32: =IF('Partner Competency Input'!AK6<>"",'Partner Competency Input'!$B$6,"") -> Craig Tamlin | C32: =IF('Partner Competency Input'!AK6<>"",'Partner Competency Input'!$D$6,"") -> Australia | D32: ='Partner Competency Input'!AK6 -> Email DLP | E32: ='Partner Competency Input'!AL6 -> Yes | F32: ='Partner Competency Input'!AM6 -> Yes | G32: ='Partner Competency Input'!AN6 -> No
A33: =IF('Partner Competency Input'!AO6<>"",'Partner Competency Input'!$A$6,"") -> Lumen IT | B33: =IF('Partner Competency Input'!AO6<>"",'Partner Competency Input'!$B$6,"") -> Craig Tamlin | C33: =IF('Partner Competency Input'!AO6<>"",'Partner Competency Input'!$D$6,"") -> Australia | D33: ='Partner Competency Input'!AO6 -> AEDLP | E33: ='Partner Competency Input'!AP6 -> Yes | F33: ='Partner Competency Input'!AQ6 -> Yes | G33: ='Partner Competency Input'!AR6 -> Yes
A34: =IF('Partner Competency Input'!AS6<>"",'Partner Competency Input'!$A$6,"") -> Lumen IT | B34: =IF('Partner Competency Input'!AS6<>"",'Partner Competency Input'!$B$6,"") -> Craig Tamlin | C34: =IF('Partner Competency Input'!AS6<>"",'Partner Competency Input'!$D$6,"") -> Australia | D34: ='Partner Competency Input'!AS6 -> CEPAPI | E34: ='Partner Competency Input'!AT6 -> Yes | F34: ='Partner Competency Input'!AU6 -> Yes | G34: ='Partner Competency Input'!AV6 -> Yes
A35: =IF('Partner Competency Input'!E7<>"",'Partner Competency Input'!$A$7,"") -> Lumen IT | B35: =IF('Partner Competency Input'!E7<>"",'Partner Competency Input'!$B$7,"") -> Andy Tamin | C35: =IF('Partner Competency Input'!E7<>"",'Partner Competency Input'!$D$7,"") -> Australia | D35: ='Partner Competency Input'!E7 -> Email Gateway | E35: ='Partner Competency Input'!F7 -> Yes | F35: ='Partner Competency Input'!G7 -> Yes | G35: ='Partner Competency Input'!H7 -> No
A36: =IF('Partner Competency Input'!I7<>"",'Partner Competency Input'!$A$7,"") -> Lumen IT | B36: =IF('Partner Competency Input'!I7<>"",'Partner Competency Input'!$B$7,"") -> Andy Tamin | C36: =IF('Partner Competency Input'!I7<>"",'Partner Competency Input'!$D$7,"") -> Australia | D36: ='Partner Competency Input'!I7 -> TAP | E36: ='Partner Competency Input'!J7 -> Yes | F36: ='Partner Competency Input'!K7 -> Yes | G36: ='Partner Competency Input'!L7 -> No
A37: =IF('Partner Competency Input'!M7<>"",'Partner Competency Input'!$A$7,"") -> Lumen IT | B37: =IF('Partner Competency Input'!M7<>"",'Partner Competency Input'!$B$7,"") -> Andy Tamin | C37: =IF('Partner Competency Input'!M7<>"",'Partner Competency Input'!$D$7,"") -> Australia | D37: ='Partner Competency Input'!M7 -> TRAP | E37: ='Partner Competency Input'!N7 -> Yes | F37: ='Partner Competency Input'!O7 -> Yes | G37: ='Partner Competency Input'!P7 -> No
A38: =IF('Partner Competency Input'!Q7<>"",'Partner Competency Input'!$A$7,"") -> Lumen IT | B38: =IF('Partner Competency Input'!Q7<>"",'Partner Competency Input'!$B$7,"") -> Andy Tamin | C38: =IF('Partner Competency Input'!Q7<>"",'Partner Competency Input'!$D$7,"") -> Australia | D38: ='Partner Competency Input'!Q7 -> Isolation | E38: ='Partner Competency Input'!R7 -> Yes | F38: ='Partner Competency Input'!S7 -> Yes | G38: ='Partner Competency Input'!T7 -> No
A39: =IF('Partner Competency Input'!U7<>"",'Partner Competency Input'!$A$7,"") -> Lumen IT | B39: =IF('Partner Competency Input'!U7<>"",'Partner Competency Input'!$B$7,"") -> Andy Tamin | C39: =IF('Partner Competency Input'!U7<>"",'Partner Competency Input'!$D$7,"") -> Australia | D39: ='Partner Competency Input'!U7 -> Zenguide | E39: ='Partner Competency Input'!V7 -> Yes | F39: ='Partner Competency Input'!W7 -> Yes | G39: ='Partner Competency Input'!X7 -> Yes
A40: =IF('Partner Competency Input'!Y7<>"",'Partner Competency Input'!$A$7,"") -> Lumen IT | B40: =IF('Partner Competency Input'!Y7<>"",'Partner Competency Input'!$B$7,"") -> Andy Tamin | C40: =IF('Partner Competency Input'!Y7<>"",'Partner Competency Input'!$D$7,"") -> Australia | D40: ='Partner Competency Input'!Y7 -> ITM | E40: ='Partner Competency Input'!Z7 -> Yes | F40: ='Partner Competency Input'!AA7 -> Yes | G40: ='Partner Competency Input'!AB7 -> No
A41: =IF('Partner Competency Input'!AC7<>"",'Partner Competency Input'!$A$7,"") -> Lumen IT | B41: =IF('Partner Competency Input'!AC7<>"",'Partner Competency Input'!$B$7,"") -> Andy Tamin | C41: =IF('Partner Competency Input'!AC7<>"",'Partner Competency Input'!$D$7,"") -> Australia | D41: ='Partner Competency Input'!AC7 -> Endpoint DLP | E41: ='Partner Competency Input'!AD7 -> Yes | F41: ='Partner Competency Input'!AE7 -> Yes | G41: ='Partner Competency Input'!AF7 -> No
A42: =IF('Partner Competency Input'!AG7<>"",'Partner Competency Input'!$A$7,"") -> Lumen IT | B42: =IF('Partner Competency Input'!AG7<>"",'Partner Competency Input'!$B$7,"") -> Andy Tamin | C42: =IF('Partner Competency Input'!AG7<>"",'Partner Competency Input'!$D$7,"") -> Australia | D42: ='Partner Competency Input'!AG7 -> CASB | E42: ='Partner Competency Input'!AH7 -> Yes | F42: ='Partner Competency Input'!AI7 -> Yes | G42: ='Partner Competency Input'!AJ7 -> No
A43: =IF('Partner Competency Input'!AK7<>"",'Partner Competency Input'!$A$7,"") -> Lumen IT | B43: =IF('Partner Competency Input'!AK7<>"",'Partner Competency Input'!$B$7,"") -> Andy Tamin | C43: =IF('Partner Competency Input'!AK7<>"",'Partner Competency Input'!$D$7,"") -> Australia | D43: ='Partner Competency Input'!AK7 -> Email DLP | E43: ='Partner Competency Input'!AL7 -> Yes | F43: ='Partner Competency Input'!AM7 -> Yes | G43: ='Partner Competency Input'!AN7 -> No
A44: =IF('Partner Competency Input'!AO7<>"",'Partner Competency Input'!$A$7,"") -> Lumen IT | B44: =IF('Partner Competency Input'!AO7<>"",'Partner Competency Input'!$B$7,"") -> Andy Tamin | C44: =IF('Partner Competency Input'!AO7<>"",'Partner Competency Input'!$D$7,"") -> Australia | D44: ='Partner Competency Input'!AO7 -> AEDLP | E44: ='Partner Competency Input'!AP7 -> Yes | F44: ='Partner Competency Input'!AQ7 -> Yes | G44: ='Partner Competency Input'!AR7 -> Yes
A45: =IF('Partner Competency Input'!AS7<>"",'Partner Competency Input'!$A$7,"") -> Lumen IT | B45: =IF('Partner Competency Input'!AS7<>"",'Partner Competency Input'!$B$7,"") -> Andy Tamin | C45: =IF('Partner Competency Input'!AS7<>"",'Partner Competency Input'!$D$7,"") -> Australia | D45: ='Partner Competency Input'!AS7 -> CEPAPI | E45: ='Partner Competency Input'!AT7 -> Yes | F45: ='Partner Competency Input'!AU7 -> Yes | G45: ='Partner Competency Input'!AV7 -> Yes
A46: =IF('Partner Competency Input'!E8<>"",'Partner Competency Input'!$A$8,"") -> NTT Australia | B46: =IF('Partner Competency Input'!E8<>"",'Partner Competency Input'!$B$8,"") -> Ali Shayan | C46: =IF('Partner Competency Input'!E8<>"",'Partner Competency Input'!$D$8,"") -> Australia | D46: ='Partner Competency Input'!E8 -> Email Gateway | E46: ='Partner Competency Input'!F8 -> Yes | F46: ='Partner Competency Input'!G8 -> Yes | G46: ='Partner Competency Input'!H8 -> No
A47: =IF('Partner Competency Input'!I8<>"",'Partner Competency Input'!$A$8,"") -> NTT Australia | B47: =IF('Partner Competency Input'!I8<>"",'Partner Competency Input'!$B$8,"") -> Ali Shayan | C47: =IF('Partner Competency Input'!I8<>"",'Partner Competency Input'!$D$8,"") -> Australia | D47: ='Partner Competency Input'!I8 -> TAP | E47: ='Partner Competency Input'!J8 -> Yes | F47: ='Partner Competency Input'!K8 -> Yes | G47: ='Partner Competency Input'!L8 -> No
A48: =IF('Partner Competency Input'!M8<>"",'Partner Competency Input'!$A$8,"") -> NTT Australia | B48: =IF('Partner Competency Input'!M8<>"",'Partner Competency Input'!$B$8,"") -> Ali Shayan | C48: =IF('Partner Competency Input'!M8<>"",'Partner Competency Input'!$D$8,"") -> Australia | D48: ='Partner Competency Input'!M8 -> TRAP | E48: ='Partner Competency Input'!N8 -> Yes | F48: ='Partner Competency Input'!O8 -> Yes | G48: ='Partner Competency Input'!P8 -> No
A49: =IF('Partner Competency Input'!Q8<>"",'Partner Competency Input'!$A$8,"") -> NTT Australia | B49: =IF('Partner Competency Input'!Q8<>"",'Partner Competency Input'!$B$8,"") -> Ali Shayan | C49: =IF('Partner Competency Input'!Q8<>"",'Partner Competency Input'!$D$8,"") -> Australia | D49: ='Partner Competency Input'!Q8 -> Isolation | E49: ='Partner Competency Input'!R8 -> Yes | F49: ='Partner Competency Input'!S8 -> Yes | G49: ='Partner Competency Input'!T8 -> No
A50: =IF('Partner Competency Input'!U8<>"",'Partner Competency Input'!$A$8,"") -> NTT Australia | B50: =IF('Partner Competency Input'!U8<>"",'Partner Competency Input'!$B$8,"") -> Ali Shayan | C50: =IF('Partner Competency Input'!U8<>"",'Partner Competency Input'!$D$8,"") -> Australia | D50: ='Partner Competency Input'!U8 -> Zenguide | E50: ='Partner Competency Input'!V8 -> Yes | F50: ='Partner Competency Input'!W8 -> Yes | G50: ='Partner Competency Input'!X8 -> Yes
A51: =IF('Partner Competency Input'!Y8<>"",'Partner Competency Input'!$A$8,"") -> NTT Australia | B51: =IF('Partner Competency Input'!Y8<>"",'Partner Competency Input'!$B$8,"") -> Ali Shayan | C51: =IF('Partner Competency Input'!Y8<>"",'Partner Competency Input'!$D$8,"") -> Australia | D51: ='Partner Competency Input'!Y8 -> ITM | E51: ='Partner Competency Input'!Z8 -> Yes | F51: ='Partner Competency Input'!AA8 -> Yes | G51: ='Partner Competency Input'!AB8 -> No
A52: =IF('Partner Competency Input'!AC8<>"",'Partner Competency Input'!$A$8,"") -> NTT Australia | B52: =IF('Partner Competency Input'!AC8<>"",'Partner Competency Input'!$B$8,"") -> Ali Shayan | C52: =IF('Partner Competency Input'!AC8<>"",'Partner Competency Input'!$D$8,"") -> Australia | D52: ='Partner Competency Input'!AC8 -> Endpoint DLP | E52: ='Partner Competency Input'!AD8 -> Yes | F52: ='Partner Competency Input'!AE8 -> Yes | G52: ='Partner Competency Input'!AF8 -> No
A53: =IF('Partner Competency Input'!AG8<>"",'Partner Competency Input'!$A$8,"") -> NTT Australia | B53: =IF('Partner Competency Input'!AG8<>"",'Partner Competency Input'!$B$8,"") -> Ali Shayan | C53: =IF('Partner Competency Input'!AG8<>"",'Partner Competency Input'!$D$8,"") -> Australia | D53: ='Partner Competency Input'!AG8 -> CASB | E53: ='Partner Competency Input'!AH8 -> Yes | F53: ='Partner Competency Input'!AI8 -> Yes | G53: ='Partner Competency Input'!AJ8 -> No
A54: =IF('Partner Competency Input'!AK8<>"",'Partner Competency Input'!$A$8,"") -> NTT Australia | B54: =IF('Partner Competency Input'!AK8<>"",'Partner Competency Input'!$B$8,"") -> Ali Shayan | C54: =IF('Partner Competency Input'!AK8<>"",'Partner Competency Input'!$D$8,"") -> Australia | D54: ='Partner Competency Input'!AK8 -> Email DLP | E54: ='Partner Competency Input'!AL8 -> Yes | F54: ='Partner Competency Input'!AM8 -> Yes | G54: ='Partner Competency Input'!AN8 -> No
A55: =IF('Partner Competency Input'!AO8<>"",'Partner Competency Input'!$A$8,"") -> NTT Australia | B55: =IF('Partner Competency Input'!AO8<>"",'Partner Competency Input'!$B$8,"") -> Ali Shayan | C55: =IF('Partner Competency Input'!AO8<>"",'Partner Competency Input'!$D$8,"") -> Australia | D55: ='Partner Competency Input'!AO8 -> AEDLP | E55: ='Partner Competency Input'!AP8 -> Yes | F55: ='Partner Competency Input'!AQ8 -> Yes | G55: ='Partner Competency Input'!AR8 -> Yes
A56: =IF('Partner Competency Input'!AS8<>"",'Partner Competency Input'!$A$8,"") -> NTT Australia | B56: =IF('Partner Competency Input'!AS8<>"",'Partner Competency Input'!$B$8,"") -> Ali Shayan | C56: =IF('Partner Competency Input'!AS8<>"",'Partner Competency Input'!$D$8,"") -> Australia | D56: ='Partner Competency Input'!AS8 -> CEPAPI | E56: ='Partner Competency Input'!AT8 -> Yes | F56: ='Partner Competency Input'!AU8 -> Yes | G56: ='Partner Competency Input'!AV8 -> Yes
A57: =IF('Partner Competency Input'!E9<>"",'Partner Competency Input'!$A$9,"") -> NTT Australia | B57: =IF('Partner Competency Input'!E9<>"",'Partner Competency Input'!$B$9,"") -> Diwei Wang | C57: =IF('Partner Competency Input'!E9<>"",'Partner Competency Input'!$D$9,"") -> Australia | D57: ='Partner Competency Input'!E9 -> Email Gateway | E57: ='Partner Competency Input'!F9 -> Yes | F57: ='Partner Competency Input'!G9 -> Yes | G57: ='Partner Competency Input'!H9 -> No
A58: =IF('Partner Competency Input'!I9<>"",'Partner Competency Input'!$A$9,"") -> NTT Australia | B58: =IF('Partner Competency Input'!I9<>"",'Partner Competency Input'!$B$9,"") -> Diwei Wang | C58: =IF('Partner Competency Input'!I9<>"",'Partner Competency Input'!$D$9,"") -> Australia | D58: ='Partner Competency Input'!I9 -> TAP | E58: ='Partner Competency Input'!J9 -> Yes | F58: ='Partner Competency Input'!K9 -> Yes | G58: ='Partner Competency Input'!L9 -> No
A59: =IF('Partner Competency Input'!M9<>"",'Partner Competency Input'!$A$9,"") -> NTT Australia | B59: =IF('Partner Competency Input'!M9<>"",'Partner Competency Input'!$B$9,"") -> Diwei Wang | C59: =IF('Partner Competency Input'!M9<>"",'Partner Competency Input'!$D$9,"") -> Australia | D59: ='Partner Competency Input'!M9 -> TRAP | E59: ='Partner Competency Input'!N9 -> Yes | F59: ='Partner Competency Input'!O9 -> Yes | G59: ='Partner Competency Input'!P9 -> No
A60: =IF('Partner Competency Input'!Q9<>"",'Partner Competency Input'!$A$9,"") -> NTT Australia | B60: =IF('Partner Competency Input'!Q9<>"",'Partner Competency Input'!$B$9,"") -> Diwei Wang | C60: =IF('Partner Competency Input'!Q9<>"",'Partner Competency Input'!$D$9,"") -> Australia | D60: ='Partner Competency Input'!Q9 -> Isolation | E60: ='Partner Competency Input'!R9 -> Yes | F60: ='Partner Competency Input'!S9 -> Yes | G60: ='Partner Competency Input'!T9 -> No
A61: =IF('Partner Competency Input'!U9<>"",'Partner Competency Input'!$A$9,"") -> NTT Australia | B61: =IF('Partner Competency Input'!U9<>"",'Partner Competency Input'!$B$9,"") -> Diwei Wang | C61: =IF('Partner Competency Input'!U9<>"",'Partner Competency Input'!$D$9,"") -> Australia | D61: ='Partner Competency Input'!U9 -> Zenguide | E61: ='Partner Competency Input'!V9 -> Yes | F61: ='Partner Competency Input'!W9 -> Yes | G61: ='Partner Competency Input'!X9 -> Yes
A62: =IF('Partner Competency Input'!Y9<>"",'Partner Competency Input'!$A$9,"") -> NTT Australia | B62: =IF('Partner Competency Input'!Y9<>"",'Partner Competency Input'!$B$9,"") -> Diwei Wang | C62: =IF('Partner Competency Input'!Y9<>"",'Partner Competency Input'!$D$9,"") -> Australia | D62: ='Partner Competency Input'!Y9 -> ITM | E62: ='Partner Competency Input'!Z9 -> Yes | F62: ='Partner Competency Input'!AA9 -> Yes | G62: ='Partner Competency Input'!AB9 -> No
A63: =IF('Partner Competency Input'!AC9<>"",'Partner Competency Input'!$A$9,"") -> NTT Australia | B63: =IF('Partner Competency Input'!AC9<>"",'Partner Competency Input'!$B$9,"") -> Diwei Wang | C63: =IF('Partner Competency Input'!AC9<>"",'Partner Competency Input'!$D$9,"") -> Australia | D63: ='Partner Competency Input'!AC9 -> Endpoint DLP | E63: ='Partner Competency Input'!AD9 -> Yes | F63: ='Partner Competency Input'!AE9 -> Yes | G63: ='Partner Competency Input'!AF9 -> No
A64: =IF('Partner Competency Input'!AG9<>"",'Partner Competency Input'!$A$9,"") -> NTT Australia | B64: =IF('Partner Competency Input'!AG9<>"",'Partner Competency Input'!$B$9,"") -> Diwei Wang | C64: =IF('Partner Competency Input'!AG9<>"",'Partner Competency Input'!$D$9,"") -> Australia | D64: ='Partner Competency Input'!AG9 -> CASB | E64: ='Partner Competency Input'!AH9 -> Yes | F64: ='Partner Competency Input'!AI9 -> Yes | G64: ='Partner Competency Input'!AJ9 -> No
A65: =IF('Partner Competency Input'!AK9<>"",'Partner Competency Input'!$A$9,"") -> NTT Australia | B65: =IF('Partner Competency Input'!AK9<>"",'Partner Competency Input'!$B$9,"") -> Diwei Wang | C65: =IF('Partner Competency Input'!AK9<>"",'Partner Competency Input'!$D$9,"") -> Australia | D65: ='Partner Competency Input'!AK9 -> Email DLP | E65: ='Partner Competency Input'!AL9 -> Yes | F65: ='Partner Competency Input'!AM9 -> Yes | G65: ='Partner Competency Input'!AN9 -> No
A66: =IF('Partner Competency Input'!AO9<>"",'Partner Competency Input'!$A$9,"") -> NTT Australia | B66: =IF('Partner Competency Input'!AO9<>"",'Partner Competency Input'!$B$9,"") -> Diwei Wang | C66: =IF('Partner Competency Input'!AO9<>"",'Partner Competency Input'!$D$9,"") -> Australia | D66: ='Partner Competency Input'!AO9 -> AEDLP | E66: ='Partner Competency Input'!AP9 -> Yes | F66: ='Partner Competency Input'!AQ9 -> Yes | G66: ='Partner Competency Input'!AR9 -> Yes
A67: =IF('Partner Competency Input'!AS9<>"",'Partner Competency Input'!$A$9,"") -> NTT Australia | B67: =IF('Partner Competency Input'!AS9<>"",'Partner Competency Input'!$B$9,"") -> Diwei Wang | C67: =IF('Partner Competency Input'!AS9<>"",'Partner Competency Input'!$D$9,"") -> Australia | D67: ='Partner Competency Input'!AS9 -> CEPAPI | E67: ='Partner Competency Input'!AT9 -> Yes | F67: ='Partner Competency Input'!AU9 -> Yes | G67: ='Partner Competency Input'!AV9 -> Yes
A68: =IF('Partner Competency Input'!E10<>"",'Partner Competency Input'!$A$10,"") -> NTT Australia | B68: =IF('Partner Competency Input'!E10<>"",'Partner Competency Input'!$B$10,"") -> Frank Murdica | C68: =IF('Partner Competency Input'!E10<>"",'Partner Competency Input'!$D$10,"") -> Australia | D68: ='Partner Competency Input'!E10 -> Email Gateway | E68: ='Partner Competency Input'!F10 -> Yes | F68: ='Partner Competency Input'!G10 -> Yes | G68: ='Partner Competency Input'!H10 -> No
A69: =IF('Partner Competency Input'!I10<>"",'Partner Competency Input'!$A$10,"") -> NTT Australia | B69: =IF('Partner Competency Input'!I10<>"",'Partner Competency Input'!$B$10,"") -> Frank Murdica | C69: =IF('Partner Competency Input'!I10<>"",'Partner Competency Input'!$D$10,"") -> Australia | D69: ='Partner Competency Input'!I10 -> TAP | E69: ='Partner Competency Input'!J10 -> Yes | F69: ='Partner Competency Input'!K10 -> Yes | G69: ='Partner Competency Input'!L10 -> No
A70: =IF('Partner Competency Input'!M10<>"",'Partner Competency Input'!$A$10,"") -> NTT Australia | B70: =IF('Partner Competency Input'!M10<>"",'Partner Competency Input'!$B$10,"") -> Frank Murdica | C70: =IF('Partner Competency Input'!M10<>"",'Partner Competency Input'!$D$10,"") -> Australia | D70: ='Partner Competency Input'!M10 -> TRAP | E70: ='Partner Competency Input'!N10 -> Yes | F70: ='Partner Competency Input'!O10 -> Yes | G70: ='Partner Competency Input'!P10 -> No
A71: =IF('Partner Competency Input'!Q10<>"",'Partner Competency Input'!$A$10,"") -> NTT Australia | B71: =IF('Partner Competency Input'!Q10<>"",'Partner Competency Input'!$B$10,"") -> Frank Murdica | C71: =IF('Partner Competency Input'!Q10<>"",'Partner Competency Input'!$D$10,"") -> Australia | D71: ='Partner Competency Input'!Q10 -> Isolation | E71: ='Partner Competency Input'!R10 -> Yes | F71: ='Partner Competency Input'!S10 -> Yes | G71: ='Partner Competency Input'!T10 -> No
A72: =IF('Partner Competency Input'!U10<>"",'Partner Competency Input'!$A$10,"") -> NTT Australia | B72: =IF('Partner Competency Input'!U10<>"",'Partner Competency Input'!$B$10,"") -> Frank Murdica | C72: =IF('Partner Competency Input'!U10<>"",'Partner Competency Input'!$D$10,"") -> Australia | D72: ='Partner Competency Input'!U10 -> Zenguide | E72: ='Partner Competency Input'!V10 -> Yes | F72: ='Partner Competency Input'!W10 -> Yes | G72: ='Partner Competency Input'!X10 -> Yes
A73: =IF('Partner Competency Input'!Y10<>"",'Partner Competency Input'!$A$10,"") -> NTT Australia | B73: =IF('Partner Competency Input'!Y10<>"",'Partner Competency Input'!$B$10,"") -> Frank Murdica | C73: =IF('Partner Competency Input'!Y10<>"",'Partner Competency Input'!$D$10,"") -> Australia | D73: ='Partner Competency Input'!Y10 -> ITM | E73: ='Partner Competency Input'!Z10 -> Yes | F73: ='Partner Competency Input'!AA10 -> Yes | G73: ='Partner Competency Input'!AB10 -> No
A74: =IF('Partner Competency Input'!AC10<>"",'Partner Competency Input'!$A$10,"") -> NTT Australia | B74: =IF('Partner Competency Input'!AC10<>"",'Partner Competency Input'!$B$10,"") -> Frank Murdica | C74: =IF('Partner Competency Input'!AC10<>"",'Partner Competency Input'!$D$10,"") -> Australia | D74: ='Partner Competency Input'!AC10 -> Endpoint DLP | E74: ='Partner Competency Input'!AD10 -> Yes | F74: ='Partner Competency Input'!AE10 -> Yes | G74: ='Partner Competency Input'!AF10 -> No
A75: =IF('Partner Competency Input'!AG10<>"",'Partner Competency Input'!$A$10,"") -> NTT Australia | B75: =IF('Partner Competency Input'!AG10<>"",'Partner Competency Input'!$B$10,"") -> Frank Murdica | C75: =IF('Partner Competency Input'!AG10<>"",'Partner Competency Input'!$D$10,"") -> Australia | D75: ='Partner Competency Input'!AG10 -> CASB | E75: ='Partner Competency Input'!AH10 -> Yes | F75: ='Partner Competency Input'!AI10 -> Yes | G75: ='Partner Competency Input'!AJ10 -> No
A76: =IF('Partner Competency Input'!AK10<>"",'Partner Competency Input'!$A$10,"") -> NTT Australia | B76: =IF('Partner Competency Input'!AK10<>"",'Partner Competency Input'!$B$10,"") -> Frank Murdica | C76: =IF('Partner Competency Input'!AK10<>"",'Partner Competency Input'!$D$10,"") -> Australia | D76: ='Partner Competency Input'!AK10 -> Email DLP | E76: ='Partner Competency Input'!AL10 -> Yes | F76: ='Partner Competency Input'!AM10 -> Yes | G76: ='Partner Competency Input'!AN10 -> No
A77: =IF('Partner Competency Input'!AO10<>"",'Partner Competency Input'!$A$10,"") -> NTT Australia | B77: =IF('Partner Competency Input'!AO10<>"",'Partner Competency Input'!$B$10,"") -> Frank Murdica | C77: =IF('Partner Competency Input'!AO10<>"",'Partner Competency Input'!$D$10,"") -> Australia | D77: ='Partner Competency Input'!AO10 -> AEDLP | E77: ='Partner Competency Input'!AP10 -> Yes | F77: ='Partner Competency Input'!AQ10 -> Yes | G77: ='Partner Competency Input'!AR10 -> Yes
A78: =IF('Partner Competency Input'!AS10<>"",'Partner Competency Input'!$A$10,"") -> NTT Australia | B78: =IF('Partner Competency Input'!AS10<>"",'Partner Competency Input'!$B$10,"") -> Frank Murdica | C78: =IF('Partner Competency Input'!AS10<>"",'Partner Competency Input'!$D$10,"") -> Australia | D78: ='Partner Competency Input'!AS10 -> CEPAPI | E78: ='Partner Competency Input'!AT10 -> Yes | F78: ='Partner Competency Input'!AU10 -> Yes | G78: ='Partner Competency Input'!AV10 -> Yes
A79: =IF('Partner Competency Input'!E11<>"",'Partner Competency Input'!$A$11,"") -> NTT Australia | B79: =IF('Partner Competency Input'!E11<>"",'Partner Competency Input'!$B$11,"") -> Suraj Panicker | C79: =IF('Partner Competency Input'!E11<>"",'Partner Competency Input'!$D$11,"") -> Australia | D79: ='Partner Competency Input'!E11 -> Email Gateway | E79: ='Partner Competency Input'!F11 -> Yes | F79: ='Partner Competency Input'!G11 -> Yes | G79: ='Partner Competency Input'!H11 -> No
A80: =IF('Partner Competency Input'!I11<>"",'Partner Competency Input'!$A$11,"") -> NTT Australia | B80: =IF('Partner Competency Input'!I11<>"",'Partner Competency Input'!$B$11,"") -> Suraj Panicker | C80: =IF('Partner Competency Input'!I11<>"",'Partner Competency Input'!$D$11,"") -> Australia | D80: ='Partner Competency Input'!I11 -> TAP | E80: ='Partner Competency Input'!J11 -> Yes | F80: ='Partner Competency Input'!K11 -> Yes | G80: ='Partner Competency Input'!L11 -> No
A81: =IF('Partner Competency Input'!M11<>"",'Partner Competency Input'!$A$11,"") -> NTT Australia | B81: =IF('Partner Competency Input'!M11<>"",'Partner Competency Input'!$B$11,"") -> Suraj Panicker | C81: =IF('Partner Competency Input'!M11<>"",'Partner Competency Input'!$D$11,"") -> Australia | D81: ='Partner Competency Input'!M11 -> TRAP | E81: ='Partner Competency Input'!N11 -> Yes | F81: ='Partner Competency Input'!O11 -> Yes | G81: ='Partner Competency Input'!P11 -> No
A82: =IF('Partner Competency Input'!Q11<>"",'Partner Competency Input'!$A$11,"") -> NTT Australia | B82: =IF('Partner Competency Input'!Q11<>"",'Partner Competency Input'!$B$11,"") -> Suraj Panicker | C82: =IF('Partner Competency Input'!Q11<>"",'Partner Competency Input'!$D$11,"") -> Australia | D82: ='Partner Competency Input'!Q11 -> Isolation | E82: ='Partner Competency Input'!R11 -> Yes | F82: ='Partner Competency Input'!S11 -> Yes | G82: ='Partner Competency Input'!T11 -> No
A83: =IF('Partner Competency Input'!U11<>"",'Partner Competency Input'!$A$11,"") -> NTT Australia | B83: =IF('Partner Competency Input'!U11<>"",'Partner Competency Input'!$B$11,"") -> Suraj Panicker | C83: =IF('Partner Competency Input'!U11<>"",'Partner Competency Input'!$D$11,"") -> Australia | D83: ='Partner Competency Input'!U11 -> Zenguide | E83: ='Partner Competency Input'!V11 -> Yes | F83: ='Partner Competency Input'!W11 -> Yes | G83: ='Partner Competency Input'!X11 -> Yes
A84: =IF('Partner Competency Input'!Y11<>"",'Partner Competency Input'!$A$11,"") -> NTT Australia | B84: =IF('Partner Competency Input'!Y11<>"",'Partner Competency Input'!$B$11,"") -> Suraj Panicker | C84: =IF('Partner Competency Input'!Y11<>"",'Partner Competency Input'!$D$11,"") -> Australia | D84: ='Partner Competency Input'!Y11 -> ITM | E84: ='Partner Competency Input'!Z11 -> Yes | F84: ='Partner Competency Input'!AA11 -> Yes | G84: ='Partner Competency Input'!AB11 -> No
A85: =IF('Partner Competency Input'!AC11<>"",'Partner Competency Input'!$A$11,"") -> NTT Australia | B85: =IF('Partner Competency Input'!AC11<>"",'Partner Competency Input'!$B$11,"") -> Suraj Panicker | C85: =IF('Partner Competency Input'!AC11<>"",'Partner Competency Input'!$D$11,"") -> Australia | D85: ='Partner Competency Input'!AC11 -> Endpoint DLP | E85: ='Partner Competency Input'!AD11 -> Yes | F85: ='Partner Competency Input'!AE11 -> Yes | G85: ='Partner Competency Input'!AF11 -> No
A86: =IF('Partner Competency Input'!AG11<>"",'Partner Competency Input'!$A$11,"") -> NTT Australia | B86: =IF('Partner Competency Input'!AG11<>"",'Partner Competency Input'!$B$11,"") -> Suraj Panicker | C86: =IF('Partner Competency Input'!AG11<>"",'Partner Competency Input'!$D$11,"") -> Australia | D86: ='Partner Competency Input'!AG11 -> CASB | E86: ='Partner Competency Input'!AH11 -> Yes | F86: ='Partner Competency Input'!AI11 -> Yes | G86: ='Partner Competency Input'!AJ11 -> No
A87: =IF('Partner Competency Input'!AK11<>"",'Partner Competency Input'!$A$11,"") -> NTT Australia | B87: =IF('Partner Competency Input'!AK11<>"",'Partner Competency Input'!$B$11,"") -> Suraj Panicker | C87: =IF('Partner Competency Input'!AK11<>"",'Partner Competency Input'!$D$11,"") -> Australia | D87: ='Partner Competency Input'!AK11 -> Email DLP | E87: ='Partner Competency Input'!AL11 -> Yes | F87: ='Partner Competency Input'!AM11 -> Yes | G87: ='Partner Competency Input'!AN11 -> No
A88: =IF('Partner Competency Input'!AO11<>"",'Partner Competency Input'!$A$11,"") -> NTT Australia | B88: =IF('Partner Competency Input'!AO11<>"",'Partner Competency Input'!$B$11,"") -> Suraj Panicker | C88: =IF('Partner Competency Input'!AO11<>"",'Partner Competency Input'!$D$11,"") -> Australia | D88: ='Partner Competency Input'!AO11 -> AEDLP | E88: ='Partner Competency Input'!AP11 -> Yes | F88: ='Partner Competency Input'!AQ11 -> Yes | G88: ='Partner Competency Input'!AR11 -> Yes
A89: =IF('Partner Competency Input'!AS11<>"",'Partner Competency Input'!$A$11,"") -> NTT Australia | B89: =IF('Partner Competency Input'!AS11<>"",'Partner Competency Input'!$B$11,"") -> Suraj Panicker | C89: =IF('Partner Competency Input'!AS11<>"",'Partner Competency Input'!$D$11,"") -> Australia | D89: ='Partner Competency Input'!AS11 -> CEPAPI | E89: ='Partner Competency Input'!AT11 -> Yes | F89: ='Partner Competency Input'!AU11 -> Yes | G89: ='Partner Competency Input'!AV11 -> Yes
A90: =IF('Partner Competency Input'!E12<>"",'Partner Competency Input'!$A$12,"") -> NTT Australia | B90: =IF('Partner Competency Input'!E12<>"",'Partner Competency Input'!$B$12,"") -> Kaushal Patel | C90: =IF('Partner Competency Input'!E12<>"",'Partner Competency Input'!$D$12,"") -> Australia | D90: ='Partner Competency Input'!E12 -> Email Gateway | E90: ='Partner Competency Input'!F12 -> Yes | F90: ='Partner Competency Input'!G12 -> Yes | G90: ='Partner Competency Input'!H12 -> No
A91: =IF('Partner Competency Input'!I12<>"",'Partner Competency Input'!$A$12,"") -> NTT Australia | B91: =IF('Partner Competency Input'!I12<>"",'Partner Competency Input'!$B$12,"") -> Kaushal Patel | C91: =IF('Partner Competency Input'!I12<>"",'Partner Competency Input'!$D$12,"") -> Australia | D91: ='Partner Competency Input'!I12 -> TAP | E91: ='Partner Competency Input'!J12 -> Yes | F91: ='Partner Competency Input'!K12 -> Yes | G91: ='Partner Competency Input'!L12 -> No
A92: =IF('Partner Competency Input'!M12<>"",'Partner Competency Input'!$A$12,"") -> NTT Australia | B92: =IF('Partner Competency Input'!M12<>"",'Partner Competency Input'!$B$12,"") -> Kaushal Patel | C92: =IF('Partner Competency Input'!M12<>"",'Partner Competency Input'!$D$12,"") -> Australia | D92: ='Partner Competency Input'!M12 -> TRAP | E92: ='Partner Competency Input'!N12 -> Yes | F92: ='Partner Competency Input'!O12 -> Yes | G92: ='Partner Competency Input'!P12 -> No
A93: =IF('Partner Competency Input'!Q12<>"",'Partner Competency Input'!$A$12,"") -> NTT Australia | B93: =IF('Partner Competency Input'!Q12<>"",'Partner Competency Input'!$B$12,"") -> Kaushal Patel | C93: =IF('Partner Competency Input'!Q12<>"",'Partner Competency Input'!$D$12,"") -> Australia | D93: ='Partner Competency Input'!Q12 -> Isolation | E93: ='Partner Competency Input'!R12 -> Yes | F93: ='Partner Competency Input'!S12 -> Yes | G93: ='Partner Competency Input'!T12 -> No
A94: =IF('Partner Competency Input'!U12<>"",'Partner Competency Input'!$A$12,"") -> NTT Australia | B94: =IF('Partner Competency Input'!U12<>"",'Partner Competency Input'!$B$12,"") -> Kaushal Patel | C94: =IF('Partner Competency Input'!U12<>"",'Partner Competency Input'!$D$12,"") -> Australia | D94: ='Partner Competency Input'!U12 -> Zenguide | E94: ='Partner Competency Input'!V12 -> Yes | F94: ='Partner Competency Input'!W12 -> Yes | G94: ='Partner Competency Input'!X12 -> Yes
A95: =IF('Partner Competency Input'!Y12<>"",'Partner Competency Input'!$A$12,"") -> NTT Australia | B95: =IF('Partner Competency Input'!Y12<>"",'Partner Competency Input'!$B$12,"") -> Kaushal Patel | C95: =IF('Partner Competency Input'!Y12<>"",'Partner Competency Input'!$D$12,"") -> Australia | D95: ='Partner Competency Input'!Y12 -> ITM | E95: ='Partner Competency Input'!Z12 -> Yes | F95: ='Partner Competency Input'!AA12 -> Yes | G95: ='Partner Competency Input'!AB12 -> No
A96: =IF('Partner Competency Input'!AC12<>"",'Partner Competency Input'!$A$12,"") -> NTT Australia | B96: =IF('Partner Competency Input'!AC12<>"",'Partner Competency Input'!$B$12,"") -> Kaushal Patel | C96: =IF('Partner Competency Input'!AC12<>"",'Partner Competency Input'!$D$12,"") -> Australia | D96: ='Partner Competency Input'!AC12 -> Endpoint DLP | E96: ='Partner Competency Input'!AD12 -> Yes | F96: ='Partner Competency Input'!AE12 -> Yes | G96: ='Partner Competency Input'!AF12 -> No
A97: =IF('Partner Competency Input'!AG12<>"",'Partner Competency Input'!$A$12,"") -> NTT Australia | B97: =IF('Partner Competency Input'!AG12<>"",'Partner Competency Input'!$B$12,"") -> Kaushal Patel | C97: =IF('Partner Competency Input'!AG12<>"",'Partner Competency Input'!$D$12,"") -> Australia | D97: ='Partner Competency Input'!AG12 -> CASB | E97: ='Partner Competency Input'!AH12 -> Yes | F97: ='Partner Competency Input'!AI12 -> Yes | G97: ='Partner Competency Input'!AJ12 -> No
A98: =IF('Partner Competency Input'!AK12<>"",'Partner Competency Input'!$A$12,"") -> NTT Australia | B98: =IF('Partner Competency Input'!AK12<>"",'Partner Competency Input'!$B$12,"") -> Kaushal Patel | C98: =IF('Partner Competency Input'!AK12<>"",'Partner Competency Input'!$D$12,"") -> Australia | D98: ='Partner Competency Input'!AK12 -> Email DLP | E98: ='Partner Competency Input'!AL12 -> Yes | F98: ='Partner Competency Input'!AM12 -> Yes | G98: ='Partner Competency Input'!AN12 -> No
A99: =IF('Partner Competency Input'!AO12<>"",'Partner Competency Input'!$A$12,"") -> NTT Australia | B99: =IF('Partner Competency Input'!AO12<>"",'Partner Competency Input'!$B$12,"") -> Kaushal Patel | C99: =IF('Partner Competency Input'!AO12<>"",'Partner Competency Input'!$D$12,"") -> Australia | D99: ='Partner Competency Input'!AO12 -> AEDLP | E99: ='Partner Competency Input'!AP12 -> Yes | F99: ='Partner Competency Input'!AQ12 -> Yes | G99: ='Partner Competency Input'!AR12 -> Yes
A100: =IF('Partner Competency Input'!AS12<>"",'Partner Competency Input'!$A$12,"") -> NTT Australia | B100: =IF('Partner Competency Input'!AS12<>"",'Partner Competency Input'!$B$12,"") -> Kaushal Patel | C100: =IF('Partner Competency Input'!AS12<>"",'Partner Competency Input'!$D$12,"") -> Australia | D100: ='Partner Competency Input'!AS12 -> CEPAPI | E100: ='Partner Competency Input'!AT12 -> Yes | F100: ='Partner Competency Input'!AU12 -> Yes | G100: ='Partner Competency Input'!AV12 -> Yes
...

Sheet Partner Summary
A1: Partner Summary
A3: Distinct Partners | C3: Distinct People | E3: Distinct Platform Assignments
A6: Partner Name | B6: Distinct People | C6: Platforms Covered | D6: Present People | E6: Demo People | F6: POC People

Sheet Heatmap Dashboard
A1: Partner Competency Heatmap Dashboard
A2: Counts are distinct people by partner and platform. Present, Demo, and POC are independent selections per platform.
A4: Partner | B4: Email Gateway | E4: TAP | H4: TRAP | K4: Isolation | N4: Zenguide | Q4: EFD | T4: SER | W4: ITM | Z4: Endpoint DLP | AC4: CASB | AF4: Email DLP | AI4: DSPM | AL4: AEDLP | AO4: CEPAPI
B5: Present | C5: Demo | D5: POC | E5: Present | F5: Demo | G5: POC | H5: Present | I5: Demo | J5: POC | K5: Present | L5: Demo | M5: POC | N5: Present | O5: Demo | P5: POC | Q5: Present | R5: Demo | S5: POC | T5: Present | U5: Demo | V5: POC | W5: Present | X5: Demo | Y5: POC | Z5: Present | AA5: Demo | AB5: POC | AC5: Present | AD5: Demo | AE5: POC | AF5: Present | AG5: Demo | AH5: POC | AI5: Present | AJ5: Demo | AK5: POC | AL5: Present | AM5: Demo | AN5: POC | AO5: Present | AP5: Demo | AQ5: POC
